Topic_0,Topic_1,Topic_2,Topic_3,Topic_4,Topic_5,Topic_6,Topic_7,Topic_8,Topic_9
",",server,of,a,new,hours,â€™s,the,home,how
work,#sql,you,more,follow,open,on,-,!,","
),and,",",available,series,+,https,.,#powershell,we
hard,on,this,drive,in,if,you,on,'t,a
months,for,and,",",#powerbi,2,that,new,exchange,in
2,visual,on,@rita_tyna,&amp;,on,in,'s,it,for
few,#sqlserver,is,.,",",-,is,for,security,!
#powershell,#azure,in,https,this,for,it,with,server,you
a,bing,it,the,to,.,a,is,#windowsserver,with
https,in,to,project,.net,in,and,and,the,.
here,-,my,on,:,",",of,:,to,your
finally,with,a,.com,the,and,to,!,microsoft,the
!,azure,the,and,.,the,",",a,windows,and
5,:,i,to,for,two,.,",",powershell,to
of,https,.,:,https,https,the,https,https,https
