Hashtag,Frequency
#AzureAD,3
#apppermissions,1
#ITmanagement,1
#scacloudgirl,5
#scacloudschool,5
#scaxdeimos,5
#lesbianvisibilityweek,1
#activedirectory,2
#playbook,1
#azure,16
#infosec,14
#informationsecurity,2
#cloudsecurity,5
#techcommunity,2
#blog,4
#sharepoint,12
#learninganddevelopment,3
#STLTechWeek2023,1
#AWS,14
#AZURE,1
#fundamental,1
#nowhiring,1
#Azure,61
#Cybersec,2
#hiring,19
#developer,31
#GCP,1
#AVD,1
#Ikenography,1
#kotosmetic,1
#globalazure,1
#globalazurelondon,1
#cloudfamily,1
#azurefamily,1
#mvpbuzz,1
#Apple,1
#SCACloudgirl,10
#SCACloudschool,7
#SCAXDeimos,5
#Falcom,1
#TrailstoAzure,1
#NISA,1
#SecurityFabric,1
#Fortinet,1
#FabricReady,1
#FortiGate,1
#NGFW,1
#SDWAN,1
#RSAC,1
#podcast,2
#youtube,1
#microsoft,31
#microsoft365,3
#LearnLive,2
#Microsoft,54
#BlockMicrosoft,1
#CosmosDB,1
#art,2
#CartoonArt,1
#Cryptonews,1
#WorldEconomicForum,1
#Bitcoin,2
#Web3,5
#Ethereum,1
#MoonPay,1
#SQLServer,108
#AzureSQL,7
#MSPartner,9
#datamodernization,2
#redhat,1
#redhatlinux,1
#openshift,1
#aws,1
#hybridcloud,1
#vss365,3
#rufous,2
#gunvolt,4
#azurestrikergunvolt,4
#luminousavengeriX,4
#ガンヴォルトアート,4
#luoxiaohei,4
#winrina,1
#microsoftlearn,1
#MCTBuzz,1
#MicrosoftMCT,1
#Rufous,1
#k8s,1
#kubernetes,1
#containers,1
#docker,1
#devops,3
#KNUSTLive,1
#dotNET,1
#4月29日は素敵帽子くんの誕生日,2
#文スト最小幹部生誕祭2023,2
#guildwars2,1
#gw2,1
#vtuber,1
#ENVtuber,1
#APIsecurity,1
#containerinstances,1
#storage,1
#datasecurity,1
#network,6
#powershell,15
#BingBang,2
#NETC,1
#NAVY,1
#Office365,65
#DoDJobs,1
#DoGreatThings,1
#Entrepreneurs,1
#BusinessGrowth,1
#Strategy,2
#Tech,3
#Innovation,3
#CloudERP,2
#PowerPlatform,27
#Interface,4
#AuditTrail,1
#JustSayGo,2
#Online,1
#ERP,7
#Security,9
#Governance,3
#Compliance,3
#Training,2
#Courses,1
#Learning,2
#credit,3
#creditcard,3
#creditrepair,3
#tax,3
#loan,3
#bookkeeping,3
#finance,5
#instagram,3
#post,3
#business,12
#debt,3
#studentloan,3
#medicaldebt,3
#SharePoint,58
#DigitalTransformation,4
#NHS,3
#NHSjobs,3
#lancashire,3
#Preston,3
#MicrosoftOffice365,3
#Digital,3
#TechnicalServices,3
#NDBATriStateTrust2023,1
#OTRwithEPICRPS,1
#Rackspace,3
#remotework,6
#remotejob,4
#workfromhome,4
#TechnicalSupport,1
#Express,1
#Backup,3
#data,9
#xCloud,2
#Laptop,2
#MiniPC,2
#GamePassUltimate,2
#office365,29
#ICON2023,1
#Kaleidoscope,1
#supplychain,2
#technology,12
#WMS,1
#Billing,2
#3PL,1
#travel,4
#Japan,2
#Foodie,2
#tips,2
#create,3
#enforce,3
#common,3
#signature,3
#OneDrive,8
#HappyFriday,1
#Microsoft365,39
#ITSupport,1
#Suffolk,1
#Essex,1
#DirectionsASIA,5
#computersetup,1
#appleiphone,1
#follower,1
#apple,8
#IT,8
#office,12
#computerrepair,1
#microsoftteams,1
#officewears,1
#computerlove,1
#followforfollowback,1
#microsoftexcel,1
#applepodcasts,1
#officedesign,1
#applepay,1
#SharePointOnline,4
#MicrosoftTeams,27
#CMR,1
#EACVI2023,1
#GartnerDW,3
#digitalworkplace,3
#EX,3
#MicrosoftOffice,2
#Skype4B,1
#Cisco,1
#security,10
#SaaS,2
#SecurityOperationsCenters,1
#vectra,2
#VectraCEOHiteshSheth,2
#SecurityOperationsCentres,1
#protection,2
#privacy,2
#team,1
#learning,1
#ArabianTravelMarket,4
#CrownePlazaRiyadhPalace,1
#Dubai,7
#HolidayInnSuitesTabuk,1
#BackupRecovery,1
#Teams,3
#software,15
#ExchangeOnline,1
#MakaremHotels,2
#ATMDubai,3
#WorkplaceOptimization,1
#RiyadhAirportMarriott,1
#HolidayINNJubail,1
#SignatureSolutions,1
#crossware,1
#exclaimer,1
#teamlucid,1
#outlook,3
#email,1
#M365security,1
#HIPAAcompliance,1
#GTHCloud365,1
#MSWord,1
#Excel,11
#Outlook,1
#legaltech,1
#TechTips,1
#developerweek,1
#NCA,1
#Mtn,1
#Vodafone,1
#tigo,1
#Herh,1
#Fante,1
#NanaAba,1
#Bongo,1
#Franchise,4
#Service,2
#Data,13
#Businesses,3
#BusinessConsultants,2
#Resellers,3
#Login,2
#Cloud,13
#DynGP,3
#Healthcare,2
#Financials,4
#excel,8
#learnexcel,4
#exceltips,5
#exceltricks,4
#exceltutorials,4
#DUR,1
#Tourism,1
#Hospitality,1
#innovasolutions,1
#Losangeles,1
#Encino,1
#documentscanning,1
#pdf,1
#attorneys,1
#Filming,1
#Entertainment,1
#Law,1
#Collaboration,2
#Sharing,2
#HowTo,2
#googleworkspace,4
#datamigration,4
#clouddata,3
#Outgrown,3
#QuickBooks,2
#AccountingSoftware,2
#PowerBI,88
#CRMUG,3
#MultiCompany,2
#FamilyOffice,2
#Franchises,1
#SmallBusiness,2
#TeachingThursday,1
#UTSAFaculty,1
#O365Powershell,1
#saassprawl,1
#shadowit,1
#groups,1
#msforms,1
#Alike,2
#ATM2023,2
#ATM,2
#AbuDhabi,2
#Travel,2
#QuickTippThursday,1
#QuickTipp,1
#AdminDroid,3
#sysadmin,16
#sysadmins,3
#FeatureUpdate,3
#o365admin,3
#msexcel,1
#spreadsheet,1
#spreadsheets,1
#chart,2
#charts,1
#gears,1
#gearmanufacturing,1
#hobbing,1
#biggears,1
#agma,1
#MicrosoftDesigner,3
#reels,3
#CustomizableDesigns,3
#fyp,5
#uk,4
#DesignCollaboration,3
#RealTimeDesign,3
#DesignTools,3
#NoMoreHassle,3
#VirtualClinics,1
#ProBono,1
#CLS,1
#LegalServices,1
#box,1
#soc,5
#reports,6
#download,5
#Windows10,5
#OneDriveForBusiness,1
#B2BSync,1
#B2BSynchronization,1
#FamilyOwned,2
#Business,7
#Financial,3
#Consultants,1
#GoGravity,3
#GravitySoftware,1
#MsDynSL,1
#D365UG,2
#DynamicsPartners,1
#Dynamics365CE,2
#formula1,2
#datascience,9
#analytics,11
#SAPBusinessOne,1
#techissue,1
#techadvice,1
#o365,1
#traveltechnology,1
#travelagency,1
#hotelbookings,1
#tourism,1
#reverification,1
#ExcelTips,1
#Formatting,1
#DailyExcelTips,1
#ExcelIntel,1
#fedora,1
#linux,4
#homehelp,1
#Sunbreak,4
#Uman,1
#theyoungfuture,2
#listsellmichelle,1
#letmebeyourhomegirl,1
#floridareal,1
#WindowsInsiders,4
#Windows11,12
#optics,2
#RussiaisATerroistState,1
#malware,5
#Linux,3
#Windows,5
#Macs,1
#MedProf23,1
#NFLDraft,16
#chevaliermachinery,1
#Mars,1
#WrestlerProtest,8
#LightningSafetyNG,1
#Nigerians,1
#MoonsHaunted,1
#MoonMystery,1
#heartbroken,1
#SaveTheBees,1
#ActOnClimate,1
#climateemergency,1
#Climate,1
#nature,2
#GreenNewDeal,1
#biodiversity,1
#MedTwitter,1
#haikufeels,1
#senryu,1
#haiku,1
#3lines,1
#micropoetry,1
#AzerbaijanGP,5
#Heatwave,2
#Spain,2
#Portugal,2
#Morocco,2
#BenGuerir,2
#Cordoba,2
#Mora,2
#Copernicus,2
#Sentinel3,2
#IberianPeninsula,2
#Africa,2
#climate,2
#Disney,1
#TheLittleMermaid,1
#TheLittleMermaid2023,1
#TheLittleMermaidTH,1
#Sebastian,1
#underthesea,1
#crab,1
#ghostcrab,1
#babyseaturtle,1
#seaturtle,1
#turtle,1
#vs,2
#Bias,1
#17,1
#AUA23,1
#uranium,1
#nuclear,1
#sweepstakes,3
#BDC,1
#Xbox,18
#PSN,1
#xbox,12
#bo4,2
#DeadIsland2,2
#giveaway,4
#GiveawayAlert,2
#GamingCommunity,1
#gaming,9
#StarWarsJediSurvivor,5
#XboxFreeCodeFriday,3
#JediSurvivor,2
#StarWars,2
#Giveaway,2
#OSINT,2
#osintforgood,1
#gamers,1
#XboxInsiders,2
#PC,3
#Switch,1
#PS5,1
#SoSAWL,1
#SpringGiveaway,1
#xboxgamer,1
#XboxOne,1
#MondayMotivation,1
#MondayMood,1
#ARMOREDCORE,1
#PlayStation,2
#FiresofRubicon,1
#SISAGAME,1
#XboxSeriesX,2
#XboxSeriesS,2
#Video,1
#EA,1
#RespawnEntertainment,1
#RedFall,3
#FreeKeyFriday,2
#MonsterCrown,2
#pixelart,2
#NintendoSwich,2
#PS4,4
#indiegame,2
#competition,1
#Follow,1
#RT,2
#Origin,1
#OfferGames,1
#WWE2K23,1
#ForzaPaintbooth,1
#fh5rally,1
#fh5rallyadventure,1
#Ad,1
#ForzaHorizon5,1
#FH5,1
#ForzaShare,1
#Forza,1
#forzapaintbooth,1
#AI,51
#AIArtworks,1
#Madden23,1
#nba2k23myteam,1
#FIFA23,2
#MLBTheShow23,1
#SWITCH,1
#LEGIT,1
#DisneySpeedstorm,2
#ActivisionBlizzard,1
#FDG23,1
#gameaccessibility,1
#GamingForEveryone,1
#SPC,8
#MicrosoftOutlook,3
#Accessibility,3
#web3,4
#CRE,1
#MultifamilyOutlook,1
#WorkWithWalker,1
#GenerativeAI,1
#NewEconomyGateway,3
#BITCOIN,1
#SPX,1
#txlege,2
#cybersecurity,18
#FoleyForward,1
#Vols,1
#crypto,4
#fintech,2
#GOP,2
#VaccineDeaths,2
#vaccineinjuries,2
#Spring,1
#reading,2
#GoOwls,1
#GoJetsGo,2
#NJDevils,3
#NYR,2
#LeafsForever,2
#GoBolts,2
#cnywx,1
#utica,1
#rome,1
#syracuse,1
#BakerLive,1
#Fed,1
#azwx,2
#Ainvest,1
#Ainvest_Wire,1
#Macro,1
#Trending,1
#Lions,2
#connectwithus,1
#Rates,1
#AABCARMA2023,2
#document,1
#management,3
#documentmanagement,3
#manchester,1
#blackbirdcorporate,1
#sharepointtraining,1
#training,2
#course,1
#trainingcourse,1
#masterclass,1
#MicrosoftLists,15
#ComingSoon,14
#MicrosoftViva,1
#MSFTViva,1
#Citrix,17
#Box,1
#Migration,2
#BSUGrad23,1
#MentalHealthWeek,1
#Microsoft365dev,6
#PowerAutomate,14
#hscl,1
#BREAKOUTSTOCKS,1
#result,1
#StockMarketindia,1
#imanage,1
#legal,1
#documentmanagementsystemsdms,1
#legaltechnology,1
#lawtech,1
#GISStackExchange,1
#ITgovernance,2
#CMS,2
#Softlanding,1
#CMSsolution,1
#ftp,3
#singeuser,5
#migration,5
#guide,5
#M365Conf23,1
#AISearch,1
#AzureCognitiveSearch,1
#MicrosoftSearch,2
#boozallen,1
#SpaceMonkeys,1
#Recruiting,1
#Jobs,1
#M365Conf,7
#SharePointService,1
#SharePointPortals,1
#MicrosoftPartner,2
#SharePointDashboard,1
#KWIZ,1
#InfoSec,2
#InfoSecJobs,2
#Cybersecurity,3
#jobsearch,2
#hiringnow,2
#CyberCareers,2
#Reston,1
#Virginia,1
#UnitedStates,1
#Agile,1
#Clearance,1
#DoD,1
#OpenSource,2
#Polygraph,1
#passion,1
#integrity,1
#collaboration,1
#commitment,1
#engineer,4
#sharepointnetworkengineer,1
#TeamNavitas,1
#NavitasTech,1
#DataAnalytics,7
#NG30DaysOfLearning,1
#PnPScriptSamples,1
#M365PnP,1
#SPOMS,1
#CommunityRocks,1
#PowerBIDevelopment,6
#PowerBIDevelopers,3
#PowerBIConsulting,3
#SharePointFramework,1
#Intranet,1
#MicrosoftLoop,1
#OpenAI,1
#online,4
#googledrive,2
#wasabi,2
#files,2
#transfer,2
#MasteringMicrosoft,2
#NTU,1
#Library,1
#MicrosoftSyntex,1
#DPEarlyYears,1
#SPFx,3
#DevOps,1
#antimicrobial,8
#Bravo,1
#Yammer,1
#OfficeHours,1
#casestudy,1
#MSDyn365,33
#phishing,3
#フィッシング詐欺,2
#Telekom,2
#Planinternationalgnb,1
#RMMTechnologies,1
#Framework,1
#CustomWorkflowSolution,1
#BestSharePointService,1
#StunningUI,1
#RMM,1
#PowerApps,11
#Titans,4
#Rams,4
#Patriots,4
#Falcons,4
#LigaMx,1
#superwalk23,1
#roto,1
#mlb,1
#dfs,1
#Mets,1
#LGM,1
#Agtegra,1
#playinMay,1
#SteelersCountry,1
#GoSteelers,1
#HereWeGo,1
#SteelersForLife,1
#BearcatsConnect,1
#CareerReady,1
#BREAKING,2
#Ferryville,2
#Wisconsin,2
#TAMUecen,1
#Students,1
#TAMU,1
#TAMUEngineering,1
#EGFC,1
#UTAAPMT,1
#DayZ,1
#AewWomansDivison,1
#AewWomansTagteams,1
#TopEleven,1
#TEGA,1
#Acronis,1
#realestate,1
#CFL,1
#Argos,1
#FPL,1
#hr,3
#leadership,2
#p4p23,1
#Pep,1
#Steelers,10
#Pittsburgh,1
#NFL,3
#Vikings,1
#FDIC,2
#FDIC2023,1
#positivity,1
#energy,1
#EFC,1
#OodleNoodle,1
#YEG,1
#YYC,1
#PlayersFirst,1
#RavensFlock,1
#RavensNation,1
#trending,1
#D,1
#4,1
#8,1
#BackingGreen,1
#IrishCricket,1
#ICC,1
#BLASTR6MAJOR,1
#BombSquad,1
#securityclearance,1
#jobs,3
#VA,1
#1,1
#FIRSTChamp,1
#SUPERPOWERED,1
#XFL,1
#XFL2023,1
#XFLSouth,1
#XFLNorth,1
#RollTide,1
#BuiltByBama,1
#NFLDraft2023,3
#modeldrivenapps,1
#MSdyn365,1
#Dynamics365,107
#GIS,3
#MicrosoftDynamics365,8
#D365,6
#365,2
#directionsna,3
#GPPBNIG2023,1
#dynamics365,20
#operations,1
#datamanagement,1
#dynamics365fo,1
#d365fo,1
#Conference,3
#DynamicsMinds,2
#d365,2
#powerplatform,9
#marketing,1
#billingautomation,1
#CRM,9
#Technology,5
#B2B,1
#Subscriptionmanagement,1
#billingsolution,1
#billingmanagement,1
#ISVConnect,1
#MicrosoftLife,1
#BestWithBrian,1
#MSDYN365,3
#MSDYNGP,2
#MicrosoftDynamics,6
#Powerplatform,3
#MVPBUZZ,3
#Chile,1
#CostaRica,1
#newfeatures,1
#DynamicsGP,2
#Platinum,1
#PFW,1
#BackupPlan,1
#Redundancy,1
#Automation,14
#OpenAPI,1
#Gravity,2
#ERPSoftware,1
#Innovative,1
#erpsolutions,1
#erpintegration,1
#erpimplementation,1
#erpsoftware,1
#microsoftdynamics,2
#directionsasia,1
#Bangkok,2
#thailand,2
#pax8,2
#msdyn365,6
#cloud,13
#tech,6
#future,3
#speaker,1
#happy,1
#debugging,1
#computerprogramming,1
#coding,2
#javascript,8
#crm,3
#ahaapps,3
#businessservices,2
#mysummitna,3
#HRanalytics,1
#HRdata,1
#webinar,2
#dataanalysis,2
#peopleanalytics,1
#INKUBIT,1
#DirectionsAsia,7
#BusinessCentral,4
#Essentials,2
#ledger,2
#audittrails,2
#bankmanagement,2
#SupplyChainManagement,2
#customerexperience,2
#contactcenter,1
#NordicSummit,2
#CFS,2
#MicrosoftDYN365,13
#MSDyn365BC,13
#businesscentral,14
#Dynamics365CRM,2
#CX,1
#Sales,4
#CustomerService,4
#Dynamics365Marketing,4
#dynamics365sales,3
#DirectionsAsia2023,2
#DirectionsNA,2
#D365FO,1
#CustomerSupport,1
#Copilot,2
#MicrosoftPartners,1
#copilot,2
#MSDynamics365,1
#CTI,1
#ProjectManagement,1
#Budget,1
#UDSsystems,1
#UDSExpert,1
#Dynamics,7
#ProjectOperations,1
#QueueEMEA,1
#mspartner,1
#projectmanagement,3
#FieldService,1
#SalesReps,1
#Dyn365mobile,1
#Reporting,1
#customer,1
#customerloyal,1
#CustomerExperience,1
#customers,3
#itconsulting,1
#businessconsulting,1
#FridaysForFuture,1
#Dynamics365Solutions,1
#CanvasApp,2
#DirectionsASIA2023,2
#Modeldrivenapp,1
#dynamicscrm,2
#work,2
#manufacturing,6
#kanban,2
#CanvasApps,2
#Enterprise,2
#organization,2
#lead,2
#cash,2
#Finance,2
#financials,2
#accounting,2
#companies,2
#MicrosoftSecurityPartner,2
#Dataverse,7
#Dynamics365GeneralCommunity,1
#d365services,1
#microsoftdynamics365,3
#microsoftpowerplatform,1
#powervirtualagents,1
#clickdimensions,1
#charleslamanna,1
#powerapps,1
#MSpartner,1
#mspartners,1
#microsoftpartner,1
#Esri,1
#Nonprofit,1
#ArcGIS,1
#furnitureindustry,1
#HM23,3
#HoloLens2,3
#lovemyjob,1
#usa,1
#msdyn365bc,4
#MSDyn365FO,2
#JavaScript,13
#MSDYN365BC,1
#MSDYNNAV,1
#VivaSales,1
#ThursdayMotivation,2
#CustomerInsightsupdates,2
#nonprofit,1
#charity,1
#XtremeProductivity,1
#Lead,1
#Opportunity,1
#FTFR,1
#operationsmanagement,1
#xcelpros,1
#ERPsystem,1
#qixas,1
#podcasting,1
#podcasts,1
#podcastlife,1
#savemoney,1
#savetime,1
#industrytrends,1
#upgrade,1
#businessupgrade,1
#PowerPlatfrom,1
#ipaas,1
#integration,1
#SMBs,2
#datafam,24
#techforgoodjobs,15
#techforgood,15
#socialimpact,15
#socialimpactjobs,15
#automation,4
#communicationskills,3
#growth,2
#design,9
#SQL,42
#Bigdata,8
#NoSQL,9
#dataengineering,6
#datalakes,8
#Cassandra,6
#Scripting,5
#datapipelines,6
#Scrip,2
#machinelearning,4
#senior,4
#datascientist,2
#DataScience,26
#programming,2
#dataScientist,1
#dashboard,1
#project,1
#DataLiteracy,2
#KPMG,1
#SeniorLiving,1
#DentalPractice,1
#VetCare,1
#Shareholders,1
#MultiSite,1
#Accounting,4
#Software,1
#ladataplatform,9
#usergroup,8
#sqlserver,36
#powerbi,21
#alwayson,8
#snowflake,8
#PostgreSQL,13
#PowerBi,4
#Lakehouse,7
#Python,33
#datamodeling,2
#ETL,2
#streamingdata,2
#datamodelling,2
#dynamic,1
#format,1
#video,1
#perytus,1
#decipheryourdata,1
#powerbihowto,1
#LeadingFromTheFront,1
#RealTimeAnalytics,1
#POWERBI,1
#365educon,1
#365educondc,1
#JDATSG,1
#BusinessIntelligence,3
#BusinessOperations,2
#OperationalExpenses,2
#raas,1
#reporting,1
#Review,1
#DataViz,1
#Analytics,22
#PBI,1
#TabularEditor,2
#Mindful,1
#BetterTogether,1
#NoCode,1
#Applications,1
#xero,1
#Sage50,2
#sql,11
#SQLchallenge,1
#RealPowerBI,2
#PBISentinel,1
#DAX,4
#ChatGPT,8
#Canbas,1
#PragmaticWorks,1
#railway,1
#MachineLearning,26
#Repo,1
#Azuredevops,1
#trinsoft,3
#RemoteWork,1
#Mobile,1
#Dynamic365CE,1
#Subscription,1
#BillingSoftware,1
#DynamicsCommunity,1
#WomenInTech,1
#GPUG,2
#DataCeili,2
#dax,1
#BusinessNews,2
#Consolidated,2
#FinancialReporting,2
#QBO,1
#Xero,1
#Canada,1
#USA,1
#UnitedKingdom,1
#lowcode,1
#quickanalytics,1
#Dataanalysis,1
#Dashboardservices,1
#visualization,1
#python,1
#Tableau,1
#SQLSaturday,2
#AzureSynapse,2
#Synapse,2
#MSPs,1
#MakeITroar,1
#GCC,1
#enterprise,1
#visualizations,1
#tutorials,1
#dataviz,1
#DataVisualization,2
#stats,1
#analisisdedatos,1
#cienciadedatos,1
#tableau,1
#powerBI,1
#BI,1
#RStats,3
#Database,2
#Dashboard,1
#365DaysofADX,2
#ADX,2
#AzureDataExplorer,2
#Kusto,2
#KQL,2
#dataanalytics,2
#database,10
#Investment,1
#Management,2
#PrivateEquity,1
#Portfolio,1
#VentureFunds,1
#MultiCurrency,1
#knackhook,2
#humanresources,2
#NaraLokesh,2
#creativity,2
#futurism,2
#womens,2
#startups,2
#dotnet,57
#students,2
#freshers,2
#QuickBooksOnline,1
#Multi,1
#XEETEK,1
#MD365,1
#Microsoftproducts,1
#appdevelopmentservices,1
#ai,3
#deeplearning,1
#visualstudio,15
#vs2022,1
#intellicode,1
#mobiledev,6
#dotnetmaui,13
#windowsOnArm,4
#windows,36
#android,4
#dead,1
#moderndesign,1
#homedesign,1
#chaosgroup,1
#parametricarchitecture,1
#minimalism,1
#archvisuals,1
#vrayrender,1
#vray,1
#vrayforsketchup,1
#architecture,1
#sketchup,1
#architecture_hunter,1
#allofrenders,1
#webdev,3
#typescript,2
#webdevelopment,7
#golang,3
#vscode,6
#go,1
#react,2
#reactjs,2
#CraftCMS,4
#VisualStudio,2
#328,2
#dewdrop,2
#newsletter,2
#windowsdev,2
#csharp,8
#Microsoft365Dev,9
#visualStudio,1
#AspNet,1
#AspNetCore,2
#DotNet,1
#CSharp,3
#WebDevelopment,1
#SoftwareDevelopment,1
#TechBlog,1
#CodingTips,1
#TechNews,1
#LearnToCode,1
#DevCommunity,1
#Blazor,6
#DevBlogs,1
#100DaysOfCode,14
#js,5
#html,4
#css,4
#code,9
#dev,4
#FrontEndDeveloper,4
#backend,28
#snippets,2
#vitest,1
#vuejs,1
#VSCode,1
#shimmernet,1
#IOTA,1
#BabyDoge,15
#deepfloydif,6
#Scrypto,1
#Radix,1
#ESP32S2,2
#RMarkdown,1
#GitHub,4
#fighting,1
#khartoum,1
#omdurman,1
#sudan,1
#bbc,1
#Solana,2
#Developers,2
#Cryptocurrency,2
#hacking,10
#DataSecurity,1
#CyberSec,1
#bugbountytips,7
#websecurity,1
#Network,1
#NetworkSecurity,1
#cybersecurityawareness,1
#GP4BTC,1
#GP4SAF,1
#SAFc,1
#srLatch,1
#LaTex,1
#SequentialLogic,1
#pentesting,2
#redteam,3
#30DayChartChallenge,2
#ControlNet,1
#github,11
#GodotEngine,2
#plugin,2
#addon,2
#gamedev,2
#indiedevs,2
#NACOSTechSeries,1
#Ergo,4
#Cardano,4
#Vicuna,3
#parliament,1
#imf,1
#sri,1
#XEN,2
#TidyTuesday,1
#rstats,1
#r4ds,1
#tidyverse,1
#ggplot2,1
#SentimentAnalysis,1
#JordanPeterson,1
#NetBox,2
#pentest,1
#ransomware,4
#ransom,1
#research,1
#strategy,1
#backup,2
#cyber,4
#cyberdefense,1
#Qakbot,1
#thread,1
#googlemapapikey,1
#recon,1
#Odoo,1
#BigData,21
#Al,1
#lloT,1
#ReactJS,1
#CloudComputing,3
#Serverless,1
#DataScientist,21
#Programming,23
#Coding,21
#100DaysofCode,19
#NodeJS,1
#NLP,1
#loT,1
#FOSS,1
#BobaBNB,1
#hackwithautomation,1
#rustlang,1
#ruby,1
#chess,1
#php,1
#buildinpublic,1
#CabanaCappy,1
#save,2
#screenshots,2
#onedrive,14
#directly,2
#greenscreen,1
#StopMotionAnimation,4
#doink,1
#teams,7
#vivaengage,7
#viva,7
#publisher,7
#ps,7
#halo,7
#xboxone,7
#playstation,7
#gamer,7
#sony,7
#videogames,7
#Onedrive,1
#writing,1
#authorsoftwitter,1
#novels,1
#goals,1
#sync,1
#egnyte,1
#Gmail,1
#Hotmail,1
#หารMicrosoft365,2
#แอพการเร,2
#แอพด,2
#แอพไอแพด,2
#แอพios,2
#แอพiosราคาถ,2
#แอพเพ,2
#ODFB,1
#OD4B,1
#MMSMOA,3
#WorkFromHome,3
#whygodwhyyyy,3
#pricing,2
#need,2
#know,2
#GME,2
#珠海,1
#黑产,1
#灰产,1
#上岸,1
#meritlee,1
#Bing,4
#aiartcommunity,1
#artgallery,1
#AIArtwork,1
#NFTCommunity,1
#NFTsales,1
#NFTs,1
#37,7
#FoxNews,2
#地方银行,1
#网赚项目,1
#BingAI,1
#bing,1
#freesydney,1
#Badminton,1
#BadmintonAsia,1
#BACDubai2023,1
#freeSydney,1
#裸聊,1
#绿帽,1
#字母圈,1
#HexLivewire,1
#AiTopTools,1
#SearchEngine,1
#ChatBot,1
#巴萨,1
#捕鱼,1
#onepicpoetry,1
#Venezuela,2
#Colombia,2
#ECW,2
#PostcardsFromTheEdge,2
#Ambassadorprogram,3
#MAR3AI,3
#SatoshiPlus,2
#F16Upgrades,2
#F16vsMiG29,1
#SouthKorea,1
#DeFi,4
#Arbitrum,1
#Commanders,1
#情趣内衣,1
#群P,1
#父女,1
#AWinterGrave,1
#Cornwall,1
#VanGogh,1
#dropsentry,1
#advertisement,1
#zksyncpad,3
#zkSync,3
#NFT,3
#LobeSciences,1
#commercialization,1
#market,1
#revenue,1
#4TheCowboys,2
#GFUEL,1
#GFuelEnergy,1
#ApexLegends,1
#Apex,1
#Warzone,1
#ModernWarfare2,1
#Kick,1
#KickStreaming,1
#Raiders,3
#PS3,2
#idealist,1
#AcrisureFanAdvantage,1
#CORE,1
#ChaingeFinance,1
#blockchain,1
#Consensus2023,1
#SELIGADOIDÃO,1
#Vtuber,1
#VtubersUprising,1
#南京,1
#zkBoost,1
#NowPlaying,1
#Seahawks,1
#Alabama,1
#DatabaseHealthMonitor,1
#dbatools,47
#PowerShell,94
#IoT,20
#IIoT,18
#TensorFlow,38
#AINews,18
#sqltrain,20
#Statistics,20
#pandas,17
#applications,3
#DotNetCore,2
#Angular,2
#SqlServer,3
#ContractManagement,1
#Simplified,2
#Lycore,2
#TSQLforbeginners,2
#madeiradata,1
#SQLServer2019,1
#SQLassessment,1
#SQLbackup,1
#dates,1
#workingdays,1
#advancedfunctions,1
#multiple,1
#datasets,1
#asp,2
#denovojobs,2
#denovo,2
#SQLserver,9
#mysql,4
#softwaredeveloper,8
#leadadministrator,2
#plsql,3
#AdministrativeAssistant,2
#Administratorsoftwarecare,1
#sqlsatla,2
#newtechnology,1
#postgres,1
#rdbms,2
#databases,1
#sqlday,2
#RedisEnterprise,2
#Oracle,4
#MySQL,9
#dbms,2
#Redis,2
#RedisDays,2
#MachineLearningServices,1
#Fortified,1
#ManagedServices,1
#walkHappy,1
#CheatSheet,1
#tinybit,1
#w3technology,1
#info,1
#LinkInBio,1
#commands,1
#Administratorcomscareerden,1
#DES,1
#DynamicsCRM,1
#domorewithless,1
#SQLHelp,1
#field,1
#oracledeveloper,2
#oracle,4
#sqldeveloper,8
#c,2
#oraclecommunity,2
#oracledatabase,2
#oracledba,2
#dba,2
#sapbasis,2
#sqldatabaser,2
#databasedeveloper,2
#fulltimejobs,1
#H1Bvisa,1
#H1Btransfer,1
#durhamjobs,1
#databasetrusted,1
#AzureHybrid,4
#HybridIT,1
#AzOps,1
#MVPBuzz,4
#servicenowdeveloper,2
#APIGEEdev,2
#MFGDeveloper,2
#bioinformatics,2
#fullstackdevelopers,2
#reactsJSdeveloper,2
#Javaselenium,2
#DBA,2
#azuredatabrickswithpyspark,2
#ETLdeveloper,2
#ashra,2
#recruiting,2
#javaspringbootdev,2
#ApplicationAdmin,2
#SqlSatNYC,1
#SqlSaturday,1
#Sqlserver,1
#onlinetraining,1
#education,1
#rss,1
#Hiring,2
#Smartforceitsolutions,2
#sqlquery,2
#sqlqueries,2
#sqljobs,2
#opportunity,2
#SQLFacts,1
#TSQL,1
#dsa,1
#RealEstateManagement,1
#sqlsaturday,1
#disasterrecovery,1
#busisscontinuity,1
#sqlfamily,1
#metasploit,4
#ethicalhacking,4
#sqlmap,4
#7zip,1
#shrink,1
#Paytm,1
#PlSQL,1
#DDL,1
#DML,1
#sqlinjection,2
#CodeNewbie,3
#wpf,3
#scale,1
#Az,1
#EpicPananaCanalCruise,1
#CreateAMappedDrive,1
#GroupPolicyObject,1
#MapNetworkDrives,1
#MappedDrive,1
#MappedDriveViaGPO,1
#WindowsServer,49
#WindowsServer2019,2
#WindowsServer2022,2
#Best_video_2022,6
#windowsserver,37
#Networking,7
#CCNA,6
#CCNP,6
#linuxaws,6
#InformationTechnology,7
#ITCertifications,6
#NMAP,6
#mimikatz,6
#homeserver,10
#ubuntuserver,10
#server,14
#router,10
#linuxserver,10
#it,10
#systemsadmin,10
#systemadministrator,10
#IPMI,2
#supermicro,2
#homelab,2
#networking,2
#bios,2
#thegrind,2
#techvlog,2
#systems,2
#systemsengineer,2
#abetechtips,2
#quic,1
#ssh,1
#rdp,1
#windowsserver2022,9
#AzureMigration,3
#SQLservers,3
#HTTP,1
#wsus,1
#cloudcomputing,2
#webdesign,2
#wordpress,2
#cloudhosting,2
#serverproblems,2
#k,2
#cybersecurityexpert,2
#CloudMigration,1
#EventViewer,1
#Eventlog,1
#TheMostFrequentStartupAndShutdownEvents,1
#WhoRestartedWindowsServer,1
#WindowsServer2016,1
#AzureArc,4
#operating,1
#system,1
#ServerOperatingSystem,1
#OSMarket,1
#EnterpriseOS,1
#DataCenterOS,1
#LinuxServer,1
#Virtualization,1
#ActiveDirectory,4
#Problem,2
#CyberSecurity,1
#Infosec,1
#AD,1
#issue,1
#softwaredevelopment,6
#softwarekeys,6
#windows11,7
#windowsserver2016,6
#msoffice,12
#msoffice2019,6
#MSOffice365,6
#dns,1
#Manual,1
#emergency,1
#update,1
#fixes,1
#AkshayaTritiya,1
#Ramadan,1
#webhosting,1
#VPSServer,1
#dfsreplication,1
#WindowsInsider,2
#WIMVP,5
#modernworkplace,1
#MDE,13
#GPO,1
#WMI,1
#itpro,3
#windowsServer,3
#azops,3
#AZ800,1
#HybridAdministratorAssociate,1
#BeMoreHybrid,1
#GetHybridCertified,1
#Storage,1
#ScalableSystems,1
#IIS,1
#PHP,2
#Winserv,2
#WinServ,11
#AzureStackHCI,1
#HCI,1
#S2D,1
#HybridCloud,3
#MSSQL,1
#Udemy,1
#udemycoupon,1
#Tip,2
#MVPSummit,1
#mustWatch,2
#winSrv,2
#azOps,2
#PanzerSolutions,1
#WinSrv,1
#Lab,1
#IntelNUC,1
#wfh,1
#remote,1
#sharingiscaring,1
#zoom,1
#m365conf23,1
#LasVegas,1
#msteams,1
#events,1
#conference,1
#VivaTopics,1
#KnowledgeManagement,1
#M365SpringWorkshop2023,1
#WindowsLAPS,1
#MSIntune,2
#MicrosoftFlow,1
#forms,1
#Stoppaper,1
#techtwitter,1
#NET,4
#AIMachineLearning,3
#aspnetcore,11
#BlazorHybrid,5
#jaysporkscratchings,1
#Dapr,1
#marijuanamoment,1
#topshelfextracts,1
#weed,1
#terpenes,1
#cannabis,1
#blazor,1
#beginner,1
#dotnet7,1
#TechRadar,1
#programmer,1
#100daysofcode,1
#DevSecOps,1
#ApplicationSecurity,1
#AppSec,1
#CloudSecurity,1
#CloudSec,1
#SoftwareSecurity,1
#restapi,2
#VB,2
#vb,1
#ASPNET,1
#API,2
#Domain,4
#DropCatch,4
#Domains,4
#DomainAuctions,4
#SmartEV,4
#googlecloud,1
#UserExperience,1
#communication,1
#cryptocurrency,2
#dApp,1
#Shibelon,2
#shibelon,1
#Api,1
#CodePerformance,1
#RockYourCode,1
#infosecurity,3
#threatintel,3
#threatintelligence,3
#cybernews,3
#cyberattack,3
#threathunting,3
#ZeroTrust,3
#CISA,3
#scriptrunner,3
#C,13
#GLSL,4
#Java,4
#Objective,6
#GDScript,3
#Kotlin,4
#Shell,10
#AppleScript,3
#AIDL,3
#CMake,5
#Dockerfile,3
#Makefile,3
#VMUG,3
#TorontoVMUG,3
#GWDCEvents,1
#PsConfEU,5
#pwsh,5
#MultiCloud,1
#VCF,1
#WhatsNew,1
#VMware,1
#Foundation,1
#Password,1
#vExpert,1
#vExpertMultiCloud,1
#PSHSummit,9
#VMwareCodeCon,5
#AppVolumes,5
#AppStack,5
#vCommunity,5
#Course,1
#MicrosoftGraph,1
#Irvine,1
#CA,1
#IaaS,1
#PaaS,1
#OutOfTheBox,1
#Module,1
#Cmdlet,1
#AndySvints,1
#PSSecurity,1
#Jupyter,2
#kql,1
#Powershell,2
#azurepowershell,1
#ConfigMgr,1
#SCCM,1
#ViaMonstraAcademy,1
#HTML,6
#Rust,2
#F,1
#Rich,1
#Visual,1
#Perl,2
#Batchfile,2
#OCaml,1
#Standard,1
#Forth,1
#Dockerfi,1
#Slack,2
#AzureOpenAI,2
#TypeScript,2
#CSS,4
#Inno,1
#Scilab,1
#SCSS,1
#Groovy,1
#Cuda,1
#Ruby,1
#TeX,1
#Obje,1
#log4shell,1
#Twig,1
#azurefunctions,1
#ThisIsLearning,1
#azurefunction,2
#hpcmsl,1
#bugbounty,1
#ScriptRunner,1
#PSConfEU,1
#Free,1
#AIPService,1
#InformationProtection,1
#Svelte,1
#Mustache,1
#VPN,1
#securitycamera,1
#SecurityGuard,1
#StaySafe,1
#Android,1
#virtualprivatenetwork,1
#tvtime,1
#dataprotection,1
#hackers,1
#hacker,1
#Internet4GilgitBaltistan,1
#InternetOfThings,1
#InternetExplorer,13
#IE,2
#InternetExplorerShortcutkeys,1
#WindowsPCs,1
#Shortcutkeys,1
#GroupPolicyUpdates,2
#NickyMoons,1
#SmackDown,1
#WWERaw,1
#WWENXT,1
#UI,2
#internetexplorer,4
#OmniDefend,1
#browser,1
#usedbrowser,1
#firefox,1
#google,1
#netscape,1
#twitterpoll,1
#poll,1
#FunFact,1
#Frontend,1
#iexplore,1
#ie,1
#explorer,1
#iexplorer,1
#ietesting,1
#webtesting,1
#browsertesting,1
#crossbrowsertesting,1
#McDonalds,2
#InternetHistory,2
#90s,2
#Calculator,1
#windows10,1
#Windows7,1
#portableapps,1
