Word,Frequency
claire,1
kkkkkk,1
azure,258
little,53
cat,16
friend,31
wukong,16
cloud,96
infrastructure,22
service,89
market,43
billion,13
spending,16
share,70
amzn,13
aws,43
msft,13
goog,10
gcp,15
big,69
estimate,13
synergy,11
research,18
group,26
learn,116
optimize,10
app,54
permission,3
scoping,1
check,91
microsofts,18
latest,42
dev,35
blog,65
ultimate,13
guide,36
azuread,3
apppermissions,1
itmanagement,1
want,74
bucket,1
hat,5
rtm,1
version,54
zn_release,2
wont,31
tied,1
release,35
think,50
maybe,25
stack,6
hci,2
thats,35
guidance,16
security,69
professional,20
conduct,2
assessment,4
environment,12
ensure,9
configured,2
securely,3
call,39
speaker,11
day,109
rom,3
open,108
sessionize,1
ive,46
submitted,1
session,53
everyone,31
week,92
bootcamp,12
learned,8
offering,10
sql,151
database,68
first,70
took,18
course,54
codecademy,5
get,215
familiar,7
syntax,10
scacloudgirl,15
scacloudschool,12
scaxdeimos,10
attributed,1
next,61
quarter,5
overall,5
growth,15
yoy,4
equates,1
roughly,2
run,42
rate,18
already,14
youre,30
early,21
stage,6
major,11
curve,2
super,26
cycle,1
company,29
grow,5
fast,19
best,40
fictional,1
lesbian,1
gideon,1
nav,1
locked,3
tomb,2
thank,30
voting,1
lesbianvisibilityweek,1
microsoft,303
unit,8
economics,4
explains,4
enterprise,17
tech,25
page,33
like,227
amp,241
comment,8
excel,50
point,36
segment,6
business,109
process,51
office,60
linkedin,6
intelligent,10
personal,13
computing,5
window,305
bing,164
xbox,203
number,16
guided,4
eps,6
year,100
pray,2
valkyrie,2
sigrun,2
protect,4
angel,2
alcyone,1
title,8
fucking,7
cutest,1
thing,91
ever,25
attack,9
defense,4
playbook,3
activedirectory,6
infosec,20
informationsecurity,2
cloudsecurity,6
announcing,10
degree,8
parallelism,3
feedback,49
limited,12
preview,31
techcommunity,2
leverage,8
cut,9
file,62
data,187
cost,10
comparison,4
alt,5
slice,1
scratch,4
itch,1
brain,6
love,85
contraption,2
folk,5
use,122
shortcut,4
pim,3
thought,20
proposed,2
change,76
related,4
reached,15
asking,9
home,38
instead,23
role,9
blade,4
today,122
good,76
mac,4
many,62
people,66
shit,30
team,329
whole,19
ecosystem,7
work,153
alert,8
delete,8
item,23
preservation,3
hold,5
library,18
sharepoint,158
online,44
learninganddevelopment,3
devops,13
presenter,1
jonathan,2
leek,1
field,10
engineer,23
astronomer,1
corno,1
chief,3
technology,43
leader,10
steven,1
ley,1
ceo,2
jim,2
hill,4
architect,7
free,86
content,51
friday,21
read,59
great,53
fundamental,2
checkout,4
right,86
useful,4
please,70
retweet,7
follow,58
future,30
thread,37
hale,1
blackbrick,1
rome,2
ampfig,1
ponte,1
create,78
function,26
powershell,221
visual,67
studio,49
code,83
giant,4
update,45
amazon,11
growing,9
last,56
grew,6
google,42
includes,14
gsuite,2
neither,1
may,73
tank,2
earning,9
still,56
catching,1
also,63
integration,18
benefit,19
lagging,1
behind,13
global,17
channel,7
management,44
inc,2
looking,49
remote,17
cyber,9
hamilton,3
county,4
tennessee,2
cybersecurity,31
engineering,12
cissp,2
see,99
apply,30
nowhiring,1
emonics,1
llc,1
teamcenter,1
migration,35
oakland,2
michigan,1
cybersec,3
crowdstrike,1
core,14
python,80
ansible,1
kubernetes,5
linux,38
hiring,32
neuronetics,1
manager,4
software,57
development,35
chester,2
pennsylvania,1
developer,134
capital,6
one,156
senior,12
associate,2
risk,16
analysis,37
audit,2
multiple,22
location,12
advisor,1
vmvmss,1
rightsizing,1
recommendation,8
custom,31
lookback,1
period,4
theyre,14
getting,29
place,28
belt,1
admins,2
control,7
form,30
scheduled,8
agent,8
virtual,37
desktop,26
avd,1
cute,10
ikenography,1
kotosmetic,1
olaf,1
kneer,1
marianne,1
muellers,1
iconic,1
motion,1
seating,1
design,25
develops,1
simple,12
playful,1
profile,9
comfortable,1
versatile,1
range,6
product,38
thrilled,6
announce,13
ill,14
speaking,11
london,7
inperson,4
event,37
detail,36
registration,9
visit,28
globalazure,1
globalazurelondon,1
cloudfamily,1
azurefamily,1
mvpbuzz,8
account,25
step,28
tutorial,19
via,42
integrate,3
apple,23
minimum,1
friction,1
new,223
coverage,4
daemon,1
declarative,1
gatekeeper,1
script,20
option,17
sso,1
tool,41
azureapple,1
essential,9
pandemic,1
hit,23
organization,21
needed,7
help,91
adapting,1
able,24
anywhere,17
without,26
limitation,1
challenge,21
cue,1
solution,54
attend,6
webinar,20
keep,38
close,16
style,6
mid,1
weight,1
flipbelt,1
legging,1
brilliantly,2
stupid,4
idea,20
here,14
result,33
provisioning,2
machine,28
running,10
server,103
portal,22
managed,14
instance,10
single,17
task,10
went,10
creating,21
cli,3
remove,2
centre,7
actiblizz,1
etc,18
rest,8
world,55
doesnt,40
mind,8
spreading,1
cheek,1
tbh,8
high,15
availability,7
offer,20
sla,3
sure,42
zero,6
outage,4
easily,9
scalable,3
among,12
others,26
takehome,3
using,105
provides,13
easier,21
manage,11
allows,13
focus,8
value,20
handle,10
admin,8
live,33
heck,1
randlando,1
ran,3
away,25
probably,17
catch,7
sticky,1
situation,4
least,9
est,6
trail,3
runaway,1
randy,1
falcom,1
trailstoazure,1
nisa,1
reply,10
discus,11
goal,21
question,34
expert,27
standing,4
room,17
securityfabric,1
theater,1
fortinet,1
fabricready,1
partner,15
review,10
fortigate,1
ngfw,1
secure,8
sdwan,1
wan,5
rsac,1
episode,14
assistant,5
geek,1
podcast,19
youtube,14
icymi,2
streamed,2
introduction,6
scale,5
set,63
yesterday,11
learnlive,2
rewatch,2
info,35
infitzgeraldsteele,2
twitter,26
epic,5
openai,12
health,34
record,16
propose,1
move,17
entire,31
another,28
provider,8
terminate,1
contract,9
dont,102
care,12
much,43
blockmicrosoft,1
declared,1
intention,1
promoting,4
developing,11
friendly,1
system,51
azurebased,1
supercomputing,1
platform,51
storage,10
mover,1
folder,9
temperature,18
kempele,1
celcius,1
build,28
tune,6
cosmosdb,1
query,15
net,174
sdk,12
andrew,1
art,20
cartoonart,1
cryptonews,1
worldeconomicforum,1
bitcoin,4
ethereum,1
moonpay,1
learning,41
embrace,1
native,11
approach,18
deciding,2
migrate,6
existing,8
onpremise,2
sqlserver,158
azuresql,7
huge,9
direction,7
recent,10
dig,3
deeper,7
choice,7
decide,4
route,3
org,9
mspartner,11
datamodernization,2
skilled,1
insert,2
expand,10
knowledge,11
skill,37
earn,6
badge,4
demonstrate,2
concept,10
translate,3
make,74
workload,2
efficient,7
four,7
strategy,10
optimization,4
rexstill,1
oblivious,1
always,41
really,40
buying,9
qqq,3
selling,5
bedrock,2
nvidia,3
sht,4
together,16
soon,13
well,82
concentrated,2
bulz,2
dun,1
worry,1
chillin,1
fantastic,4
proactive,1
boston,2
red,7
summit,23
let,67
know,77
plan,22
would,81
talk,29
redhat,3
redhatlinux,1
openshift,1
hybridcloud,4
trusting,2
god,17
coming,23
thru,3
officially,8
sec,2
certified,2
sky,5
rufous,3
building,40
gleam,2
tall,3
upon,3
emerald,2
foot,6
two,247
lover,8
defy,2
law,10
propriety,2
sheer,5
force,10
young,14
gaiety,2
around,23
fall,7
bonus,5
spot,14
sketch,4
made,37
lasted,4
sakura,4
costume,4
blooming,4
efflorence,4
outfit,5
miko,4
luo,4
xiaohei,4
gunvolt,4
azurestrikergunvolt,4
luminousavengerix,4
„Ç¨„É≥„É¥„Ç©„É´„Éà„Ç¢„Éº„Éà,4
luoxiaohei,4
time,94
pick,35
html,16
cs,37
javascript,80
juliaexcel,2
scalasql,2
php,8
figma,2
android,20
java,15
kotlin,6
xcode,2
objective,2
swift,6
react,5
flutter,2
ionic,2
seele,2
water,10
honkai,1
midrail,1
winrina,1
working,25
overseas,1
migo,1
decision,11
finally,71
take,43
break,12
homeland,2
exlover,2
resides,2
belief,3
sweeter,1
second,31
ayon,1
nga,1
lang,6
yung,1
niya,1
anak,1
loved,9
old,20
school,14
anime,2
vibe,3
going,60
previous,2
season,22
load,9
csv,4
alternative,9
article,20
community,26
hub,5
caught,6
skilling,1
resource,25
microsoftlearn,1
mctbuzz,1
microsoftmct,1
swingset,1
sits,1
empty,2
plastic,3
seat,9
cracked,1
rust,5
decayed,1
whimsy,1
ghost,1
ship,1
joyous,1
flight,6
toe,1
pointed,1
heaven,7
laughter,1
contrail,1
falling,2
almost,6
quickly,9
childhood,4
ai,1
earns,1
seventh,1
advanced,7
specialization,1
analytics,52
silicon,1
container,2
docker,1
fridayyyyyyyyy,1
dayyyyyyyy,1
knustlive,1
morning,14
yall,6
collecting,1
tvr,1
palette,1
rolex,1
blue,6
pearl,2
ambla,1
atlantic,3
green,1
accent,1
beginner,8
series,61
containerizing,1
dotnet,59
application,34
local,13
mean,24
eberwolf,1
vocal,1
cord,1
expect,9
borking,1
mewing,1
creature,3
bork,1
shall,4
peace,3
lake,3
aka,1
opening,7
romhacks,1
based,37
satam,1
happy,31
birthday,4
lion,9
ice,8
cream,3
something,30
netgain,1
consider,7
experience,61
deep,8
expertise,8
optimized,3
delivery,6
securityfirst,1
mindset,1
cant,37
give,30
entirely,3
come,69
suck,9
way,96
better,52
done,32
yet,33
trash,5
rei,3
natsu,1
fuyumi,1
even,59
interaction,6
dabi,1
manga,1
trying,10
feel,26
sick,4
edit,3
member,23
mount,5
maelstrom,1
said,46
game,113
vtuber,2
envtuber,1
customer,41
model,43
primary,5
talking,12
remember,9
questionscomments,1
highlight,8
different,23
extremely,3
difficult,2
match,4
uploaded,1
virus,2
malwarefree,1
post,27
clamav,1
apisecurity,1
containerinstances,1
datasecurity,2
stop,15
serverless,3
compute,2
eventdriven,1
extract,1
text,16
image,12
cognitive,2
network,23
vpn,4
bgp,2
suite,7
collaborate,6
test,11
deploy,2
binding,1
isaac,1
baller,1
youve,10
got,43
patience,4
mod,1
power,66
wash,1
sim,1
sit,4
back,67
chill,2
stream,19
rock,1
galactic,1
fav,1
multiplayer,1
blast,6
hacked,3
cm,5
allowed,7
alter,2
search,58
million,8
started,18
click,23
story,18
bingbang,2
wrote,8
password,14
protection,8
reporting,7
monitor,8
arc,10
workbook,1
digital,18
gorgeous,2
woman,21
wearing,2
dress,2
sleeping,1
shell,16
full,26
body,9
long,23
wavy,1
hair,7
braided,1
white,4
watery,1
eye,22
round,30
face,9
japanese,1
beautiful,8
jpop,1
idol,1
malware,14
created,6
copy,11
fuck,13
start,31
impressive,1
csa,1
technical,9
specialist,2
sunny,2
pensacola,1
youll,8
provide,17
naval,1
education,6
training,16
command,14
netc,2
program,17
navy,1
dodjobs,1
dogreatthings,1
mission,67
focused,5
fun,24
sidebyside,1
accounting,13
quickbooks,4
xero,3
star,17
gravity,3
entrepreneur,2
businessgrowth,1
innovation,11
clouderp,2
powerplatform,39
interface,6
audittrail,1
justsaygo,2
erp,8
aware,3
sign,22
email,44
managing,3
governance,6
compliance,20
feature,43
consultation,6
credit,4
creditcard,3
creditrepair,3
tax,4
loan,3
bookkeeping,7
finance,15
instagram,4
debt,3
studentloan,3
medicaldebt,3
ready,35
level,44
discover,31
stay,20
ahead,11
digitaltransformation,4
job,25
vacancy,6
project,91
coordinator,3
nh,4
nhsjobs,3
lancashire,3
preston,3
technicalservices,3
bob,4
leahy,1
tristate,1
trust,3
conference,42
schedule,10
otrwithepicrps,1
rackspace,6
technician,4
remotework,7
remotejob,4
workfromhome,7
technicalsupport,1
express,2
backup,32
vault,4
missioncritical,3
automated,10
fully,19
easy,29
knowing,4
safe,11
prospect,13
popup,16
ad,18
there,37
available,108
view,26
issue,30
occasionally,2
play,45
xcloud,2
laptop,16
minipc,2
gamepassultimate,2
mainly,2
used,51
join,77
beer,5
garden,3
welcome,9
reception,1
grabbing,1
drink,3
pop,1
across,25
aisle,1
demo,29
kaleidoscope,1
book,40
supplychain,2
wms,1
billing,4
assume,4
per,15
abk,5
catalog,2
unless,13
bundle,5
every,25
powerpoint,6
onetime,2
fee,3
tell,11
travel,20
japan,2
foodie,2
tip,26
awesome,15
wear,4
mask,3
exciting,9
news,20
starting,9
monday,7
foundcares,1
mobile,15
providing,5
riviera,1
beach,1
center,12
appointment,1
link,75
childrens,4
anymore,14
life,42
insurance,2
key,24
oasis,1
wealth,2
enforce,8
common,10
signature,8
onedrive,136
contains,19
box,14
user,53
happyfriday,1
contact,8
setup,12
wed,3
hear,9
itsupport,1
suffolk,1
essex,1
maximize,6
sale,51
potential,8
quotetoorder,3
meet,25
directionsasia,13
anything,26
operating,3
updated,18
graph,9
fixed,6
bug,11
described,4
didnt,31
aipservice,5
module,18
adrian,1
computersetup,1
appleiphone,1
follower,1
computerrepair,1
microsoftteams,28
officewears,1
computerlove,1
followforfollowback,1
microsoftexcel,1
applepodcasts,1
officedesign,1
applepay,1
posting,3
inproduct,1
sharepointonline,4
horrible,3
agree,3
disturbed,1
automation,29
converting,5
wikis,8
onenote,5
end,28
convert,6
tenant,15
manual,5
interested,31
interpretation,1
stress,1
perfusion,1
lge,1
cmr,2
fill,11
logbook,1
certification,1
interactive,4
case,16
information,16
gartnerdw,3
approaching,4
annmette,3
haugaard,3
ground,7
digitalworkplace,3
engaging,10
anne,3
usersthe,1
released,16
april,37
brings,6
host,8
improvement,62
popular,9
productivity,11
need,91
web,19
microsoftoffice,2
mbox,1
sysinspire,1
converter,1
losing,1
programme,2
intuitive,2
support,73
backing,1
bridge,5
cisco,3
vectra,4
empowers,6
organisation,4
detect,3
breach,2
saas,2
securityoperationscenters,1
vectraceohiteshsheth,2
additional,10
securityoperationscentres,1
refresh,2
ltsc,4
considering,7
applying,2
tlevel,1
funding,2
similar,5
obligation,1
discussion,5
consultant,7
quick,15
reminder,18
bank,4
holiday,3
hour,94
enquire,1
diploma,1
opt,1
swordstrainingcom,1
enter,8
exam,6
remind,2
save,26
leeds,1
beckett,1
student,11
access,23
document,30
find,53
simplify,2
transforming,4
privacy,5
motivated,1
confident,2
enhancing,4
left,74
trend,7
arabiantravelmarket,4
stand,8
sheikh,6
saeed,6
arena,6
dubai,13
trade,20
meeting,11
register,20
crowneplazariyadhpalace,1
limitless,2
opportunity,26
holidayinnsuitestabuk,1
institution,2
barracuda,2
entitled,1
upcoming,10
backuprecovery,1
bundling,1
domain,16
notification,4
within,12
exchangeonline,1
vasil,1
michev,1
vision,6
worldrenowned,1
pioneer,1
hospitality,3
makaremhotels,2
atmdubai,3
modernize,3
workplace,2
quisitives,1
modernization,10
workplaceoptimization,1
aim,5
whether,14
participating,3
workshop,11
client,9
say,41
dropbox,10
specifically,4
souped,1
ability,8
switch,14
integrated,5
explore,14
riyadhairportmarriott,1
countdown,1
holidayinnjubail,1
struggling,7
light,8
mail,6
perfect,5
ending,4
signaturesolutions,1
offered,2
website,66
crossware,1
exclaimer,1
centrally,1
lot,29
manually,3
updating,2
everyones,1
outlook,148
teamlucid,1
rev,3
include,10
understand,8
report,38
separately,1
believe,12
address,8
name,14
ownership,1
add,17
dns,5
setting,17
action,4
ask,19
hijacker,1
yes,39
ticket,10
incredible,11
verification,5
distribution,7
list,49
regarding,5
forward,12
method,6
terrible,6
weve,13
suspended,2
exemployee,2
literally,8
kidnapped,2
request,6
recover,5
general,9
administrator,8
national,5
wait,10
part,40
breakthrough,2
barry,1
oneonone,4
might,15
upgrade,13
fix,10
busy,3
implementing,2
hris,1
isv,1
taking,11
store,15
closer,7
recently,7
secured,1
healthcare,9
compliant,1
protected,1
multifactor,1
authentication,4
loss,2
prevention,3
threat,5
hipaacompliance,1
keyboard,4
boost,5
danielle,1
davisroe,1
msword,1
legaltech,1
techtips,1
frontend,7
developerweek,1
nca,1
mtn,1
vodafone,1
tigo,1
herh,1
fante,1
nanaaba,1
bongo,1
franchise,5
businessconsultants,2
resellers,3
login,5
dyngp,3
financials,6
sum,2
comma,2
separated,4
formula,2
textsplit,2
lambda,4
subscribe,14
download,52
practice,49
learnexcel,4
exceltips,6
exceltricks,4
exceltutorials,4
dur,1
tourism,3
innova,1
la,5
vega,5
jason,2
devereaux,1
partnership,4
innovasolutions,1
scanning,1
safely,1
copied,1
format,10
pdf,6
losangeles,1
encino,1
documentscanning,1
attorney,1
filming,1
entertainment,1
following,31
collaboration,3
sharing,12
howto,2
migrating,9
workspace,4
roi,2
googleworkspace,4
datamigration,4
clouddata,3
inclusive,1
accessibility,8
communication,7
site,18
apart,70
regular,9
launch,91
lefthandside,1
menu,2
collection,13
entity,2
outgrown,3
accountingsoftware,2
powerbi,158
crmug,3
multicompany,4
familyoffice,2
smallbusiness,2
teachingthursday,1
encourage,4
utsafaculty,1
bookmark,1
vast,2
teaching,5
whats,31
amazing,21
anyone,11
pay,21
license,4
typically,3
example,25
baseline,1
double,10
dollar,6
date,14
send,38
complete,19
saassprawl,1
shadowit,1
msforms,1
takeover,2
alike,4
important,26
show,32
happening,6
space,16
shaping,2
booking,5
atm,2
abudhabi,2
luke,3
sport,9
medicine,1
physicals,1
summer,9
coca,1
cola,1
park,3
ironpigs,1
allentown,1
june,17
july,6
quicktippthursday,1
german,3
quicktipp,1
present,5
avatar,1
admindroid,6
exclusive,8
sysadmin,16
sysadmins,3
featureupdate,3
validation,5
valid,7
look,52
entry,2
symbol,2
com,106
msexcel,1
spreadsheet,2
chart,11
hera,1
shop,3
gear,6
gearmanufacturing,1
hobbing,1
biggears,1
agma,1
discovery,1
supplement,1
bioanalytics,1
evening,2
sam,3
tia,1
shift,6
tonight,11
listen,7
chat,13
touch,15
studentpeersupportacuk,1
facebook,1
blocked,1
non,5
io,2
apps,52
frustrating,1
builtin,4
pro,14
hassle,3
designer,10
prebuilt,11
template,6
customizable,11
microsoftdesigner,3
reel,3
customizabledesigns,3
fyp,5
designcollaboration,3
realtimedesign,3
designtools,3
nomorehassle,3
bono,1
serve,2
vulnerable,1
volunteer,5
clinic,10
hosting,11
virtualclinics,1
probono,1
cl,1
legalservices,1
poc,2
reselling,1
msps,2
soc,12
basic,15
sync,13
onedriveforbusiness,1
amount,4
horsepower,1
familyowned,2
financial,11
gogravity,3
trick,10
filter,5
dynamically,2
actual,8
target,13
variance,1
marked,1
spam,2
appears,6
worldwide,3
received,2
response,17
resend,1
top,28
innovative,5
watch,51
gravitysoftware,1
msdynsl,1
dynamicspartners,1
smartpage,2
analyst,29
datascience,35
sapbusinessone,1
increase,12
endtoend,1
migrated,1
external,4
fine,9
internal,3
hitting,9
exchange,28
could,29
spiceworks,1
advice,13
techissue,1
techadvice,1
automate,4
flow,7
improve,26
budgetfriendly,1
traveler,1
slot,8
arabian,1
traveltechnology,1
travelagency,1
hotelbookings,1
reverification,1
table,15
select,4
button,8
conversation,4
formatting,2
dailyexceltips,1
excelintel,1
derek,1
floella,1
never,40
mentioned,1
race,4
played,7
toy,3
talked,2
shaped,1
simply,5
entertaining,1
child,17
politics,1
falcon,73
spacex,66
pad,66
florida,72
weather,79
cooperates,66
crazy,5
restart,1
trouble,3
closing,3
mess,5
seems,16
simplest,2
rocket,8
covered,18
blood,14
slept,7
alive,7
gone,16
scared,11
hate,13
katsaps,5
uman,7
woke,7
ukraine,13
fedora,1
fwd,1
medium,6
creation,7
referral,1
rewarded,1
sgd,1
worth,4
krispay,1
mile,1
transaction,5
russia,4
seventy,3
five,4
outside,11
mar,5
hang,7
inside,10
bright,9
sun,9
shine,5
patio,3
enjoy,10
fresh,4
air,18
steve,3
cbc,1
heard,5
radio,6
openyoure,1
fabulous,3
solo,4
correspondent,1
final,36
confirmed,2
glass,6
house,10
neighbor,1
birth,1
noise,3
night,21
tree,5
front,8
yard,2
called,7
handed,3
wasnt,8
peeping,1
secret,4
clearance,4
required,3
blame,1
shouldve,2
delayed,1
excuse,1
bad,16
performance,35
bunch,6
money,20
hungry,1
clown,1
energyefficient,1
homehelp,1
rundown,1
lskcsh,1
sapphire,1
laser,2
debris,1
shield,5
fiber,1
cutting,11
fascinating,2
outsized,1
attention,10
exploitation,1
memory,8
safety,5
announced,7
measurably,1
positive,27
defeat,1
large,5
chunk,1
attampck,1
postexploitation,2
fox,2
insider,3
confirm,3
apparently,5
inebriated,1
judge,1
jeanine,1
gluing,1
poster,7
hauled,1
addressing,2
disabled,4
incompetent,1
dell,1
latitude,1
notebook,3
intel,2
processor,2
ram,6
ssd,2
touchscreen,1
fingerprint,1
backlit,1
naira,1
whatsapp,1
nationwide,1
lagos,4
deborah,1
reddington,1
impulsive,1
urge,1
prompt,23
installing,1
try,31
horseshit,3
rig,6
chose,3
tried,17
came,14
low,19
console,13
must,12
stem,1
commonly,3
held,4
aside,1
pain,3
cold,6
unhealthy,1
closed,8
airconditioning,1
convince,1
husband,1
thermostat,1
sail,4
elgado,4
fiercest,4
foe,4
monster,14
hunter,5
rise,5
sunbreak,7
playstation,31
hunt,7
mysterious,4
powerful,12
locale,4
gameplay,4
mechanic,4
endgame,4
shot,6
absolute,2
yeah,13
experimented,1
ago,8
nice,15
effect,3
midjourney,9
fact,11
found,29
randomize,1
pissed,1
steam,9
beta,6
overhauled,1
ingame,1
overlay,1
toolbar,1
overview,10
note,10
pin,1
richer,1
museum,2
broken,7
nyc,2
tomorrow,20
sir,2
reopen,1
correction,4
cuet,1
actually,17
pretty,12
brother,21
told,9
brought,2
keeping,6
clean,5
slow,5
pool,1
sunlight,1
pouring,1
suddenly,1
matter,2
cried,1
swimming,1
paragraph,1
cma,4
misunderstanding,1
revenue,5
owning,1
sellrent,1
sold,5
sell,4
lack,9
border,1
windowsthough,1
snowhailsleetrain,2
ala,2
hardroof,2
murano,2
europe,10
commercial,6
rear,5
side,26
blackedout,2
classify,3
vantruck,2
taxregime,2
saying,5
putting,6
halfassed,2
statement,4
percentage,4
player,25
nothing,18
hardware,5
bottleneck,2
cpugpu,2
mention,4
figured,2
shampoo,1
figure,4
lotion,1
cake,2
coop,1
biting,1
butt,2
blake,2
ross,4
founded,3
mozilla,2
firefox,3
preferred,5
browser,13
imagination,2
theyoungfuture,2
deal,21
gram,1
tablet,1
ip,2
display,7
evo,1
gen,3
nvme,1
fhd,1
webcam,1
wifi,1
thunderbolt,1
black,2
flat,8
earther,1
argument,4
age,5
becomes,6
reality,1
everyday,5
william,1
shatner,1
footage,1
alone,4
curvature,1
earth,12
crowd,1
hurt,4
feeling,4
streamer,2
ruined,2
cod,1
honestly,2
sub,2
constantly,18
spew,1
rhetoric,1
lick,1
specific,4
ahmet,1
checked,2
maximum,3
mortgage,5
ta,7
stove,2
natgas,1
ceran,1
turned,6
dial,1
dent,1
pushed,4
motoric,1
turning,4
wall,6
obviously,3
brighten,1
hard,60
sleep,4
sunrise,1
michelle,1
garcia,1
realtor,1
listsellmichelle,1
letmebeyourhomegirl,1
floridareal,1
omg,5
mowing,2
lawn,2
apt,3
complex,12
smell,4
freshly,1
grass,1
person,12
motivation,1
stuff,7
crisp,1
lizard,1
winter,1
beyond,10
stainedglass,2
peacock,2
elvis,4
living,5
lie,6
music,7
focal,2
piano,2
treasured,2
gathering,2
family,7
playing,27
singing,2
favorite,31
song,3
swipe,2
looker,2
progressive,1
grace,2
sudden,2
shocking,3
massive,8
drug,2
camp,2
bullet,1
riddled,1
scaring,1
voter,2
straight,9
showing,12
true,19
color,7
uber,1
driver,4
asked,9
wind,5
okay,3
carry,2
dream,3
realize,2
sigh,1
barricade,1
door,1
he,25
ovulation,1
vagina,1
windowsinsiders,4
canary,2
possible,11
propane,2
explosion,2
central,25
richmond,1
blew,1
caused,2
injury,3
sffd,1
angelica,1
searched,2
bard,11
edge,154
split,2
screen,10
popups,1
widget,2
adding,11
boot,1
looked,13
cancelled,4
computer,8
shark,1
cuando,1
taylor,2
dijo,1
soul,5
miss,30
stained,3
regret,1
figth,1
wound,1
waiting,8
sing,2
hated,1
reskin,1
tinted,1
bitch,4
evolutionary,3
eventually,2
wantgrow,2
optic,2
video,68
russian,6
russiaisaterroiststate,1
endpoint,4
detection,10
village,2
smelled,1
smoke,3
openother,1
awful,1
insist,1
previously,5
sentence,2
sounded,3
waker,2
though,20
snap,1
iwm,1
spy,1
albert,2
lecture,1
theatre,2
especially,13
nod,1
radiology,1
lost,16
town,1
lol,12
irrelevant,2
leave,14
anyway,5
visiting,3
album,1
announcement,10
dark,6
academia,1
rpg,1
august,3
gog,1
trailer,2
wishlist,1
youd,7
occult,1
phone,8
convoy,9
led,11
indian,10
defence,11
attach√©,9
continuous,9
iaf,9
authority,9
along,39
till,10
airstrip,20
wadi,9
sayyidna,9
degraded,11
surface,150
navigational,11
aid,11
fuel,12
critically,11
bolivia,2
salar,2
uyuni,2
largest,7
salt,2
remains,6
prehistoric,2
evaporated,2
rain,7
reflective,3
mirror,15
calibrate,2
sensor,2
satellite,2
matiasderada,2
trauma,3
closest,5
relationship,19
push,4
shut,6
fear,6
sabotage,3
felt,13
irritated,1
anthony,8
richardson,9
sent,13
message,18
drafted,12
gave,9
nfldraft,16
count,2
discourse,1
everybody,2
revealing,1
men,1
lock,1
wife,3
theyll,2
nexted,1
slut,1
weird,1
freak,1
microvibration,3
bass,3
motorthe,3
floating,4
curved,3
smooth,5
fit,13
skin,6
removing,4
root,4
morocco,3
warm,3
happened,4
blow,1
spain,5
area,13
globe,4
cherry,1
picking,4
ignoring,1
heat,34
turkmenistan,1
climate,5
propagandist,1
three,16
shipping,7
magnet,1
industry,9
chevalier,1
machinery,1
smartiv,1
multifunctional,1
cnc,1
grinder,1
capable,5
producing,3
complicated,1
shape,4
highly,4
accurate,5
workpiece,1
finer,2
finish,4
chevaliermachinery,1
appreciate,7
lore,3
real,21
mythology,3
go,21
obey,3
comfort,3
kissing,3
ikemen,3
incredibly,6
wellwritten,3
whoever,3
translates,3
wonderful,7
rauholic,1
raul,1
refused,2
milk,1
infancy,1
bcoz,1
knew,2
eat,1
wonder,7
screw,1
bolt,1
nut,2
congy,1
bench,4
needle,3
turn,6
hurry,1
powerless,1
stock,4
bypass,1
moon,6
leapfrog,1
china,7
sending,10
crew,4
nasa,2
prove,3
returning,1
lunar,7
track,6
order,9
severe,6
occur,1
region,3
instability,1
tracking,3
basically,6
overhead,1
underappreciated,1
storyline,1
rfk,1
polling,1
democrat,4
dnc,1
debate,1
ironically,2
crypto,10
founder,3
transcend,1
ogs,1
deeply,1
increasing,7
freedom,2
fighting,3
censorship,1
selfsovereign,1
moneyidentity,1
mainstream,1
sexual,2
activity,8
abstinenceonly,1
simultaneously,3
decrease,1
pregnancy,1
counterintuitive,1
merit,8
placewhen,8
allow,11
element,10
pappu,8
yadav,8
hijack,8
protest,8
waited,8
truth,10
attacking,8
govt,9
instantly,14
clear,17
wrestlerprotest,8
toolkit,22
tub,4
edgar,2
degas,2
delicate,2
artwork,3
monotype,2
print,7
inked,2
drawn,5
boldly,2
subject,5
become,6
problem,14
moved,11
pakistan,2
complaining,2
marry,2
waste,1
annoying,4
string,8
whacker,1
head,19
steel,1
wire,2
cutter,1
trimmer,2
brand,11
saw,5
bumpier,1
werent,1
flounder,1
atmosphere,6
seagull,2
repeatedly,2
stamp,2
rhythmic,2
pattern,4
dance,2
mimic,2
vibration,2
earthworm,2
ridiculous,2
oisst,1
realtime,8
daily,10
index,10
ocean,8
month,66
continuously,1
reading,23
higher,8
settling,1
scratching,4
became,2
winger,1
weak,4
leg,6
rip,2
half,9
dodge,1
aoe,1
fire,7
flop,1
bos,6
alright,2
kotaro,1
ust,1
original,2
sea,10
anomaly,3
rising,3
antarctic,3
freeze,4
ni√±o,3
reduced,3
sulfur,3
emission,5
expose,4
hidden,4
ghg,3
warming,3
buy,12
epacertified,1
disinfectant,1
bulk,2
discount,4
doctor,2
dentist,1
thunder,2
curse,1
nigeria,3
ignorance,1
sound,5
lightning,6
typical,1
strike,4
volt,1
ampere,1
hotter,1
lightningsafetyng,1
nigerian,1
moonshaunted,1
survive,1
danger,1
lurk,1
truly,3
beneath,2
lustrous,1
moonmystery,1
firstperson,1
shooter,2
adventure,5
presented,8
avenue,1
exorbitantly,1
expensive,1
piece,5
equipment,6
size,4
car,14
landed,1
comb,1
ant,1
basketball,3
theory,6
scientist,2
blackhole,2
encoded,1
sticker,2
holographic,1
structure,5
touching,1
trained,1
chinese,5
self,7
propelled,3
short,9
balistic,3
missile,8
alongside,4
soviet,3
tin,3
transported,3
truck,3
ethiopian,3
military,3
parade,3
unboxing,3
jarritos,3
nike,3
dunk,4
changing,5
becoming,25
increasingly,2
apparent,1
win,51
war,18
anytime,1
democracy,1
eschew,1
pesky,1
bubbling,3
dissenting,1
voice,3
begin,9
ramping,1
amen,1
unfortunately,2
aqua,2
paw,2
explores,2
animal,3
poor,7
kitty,2
soda,2
ring,6
thankfully,2
helped,4
unlikely,4
escape,2
virginia,3
pedestrian,1
roadway,2
except,2
necessary,3
leftif,1
walk,10
main,8
travelled,1
portion,1
extreme,2
thereof,1
shoulder,1
highway,1
julie,1
shrills,1
quite,3
mcsquirrel,1
decline,1
pirate,1
hug,2
heartbroken,1
bee,2
disappear,2
man,23
pollination,1
plant,3
savethebees,1
actonclimate,1
climateemergency,1
nature,2
greennewdeal,1
biodiversity,4
pterygium,1
fleshy,1
overgrowth,1
conjunctiva,1
thin,1
membrane,1
medtwitter,1
absolutely,8
incident,5
showed,1
amplify,1
shortage,2
crime,2
deluge,1
shoving,1
conservative,1
determined,1
erase,1
michele,1
manner,1
tie,2
shoelace,1
soft,1
fuzzy,1
guy,29
thanks,28
√∂mer,1
writing,6
waterproof,1
paper,7
referring,1
including,12
spent,8
regimen,1
accutane,1
temporary,1
organ,1
everything,25
exactly,9
moment,17
past,6
depth,9
character,8
jen,2
badass,2
personality,9
boyfriend,2
sheet,12
shiny,1
agitation,1
haikufeels,1
agitated,1
senryu,1
haiku,1
micropoetry,1
specifies,1
indoor,1
roof,3
spend,4
lifetrying,1
mercy,1
abt,2
ideal,2
small,5
preserving,1
proof,9
membershipsig,1
composed,1
delegated,3
state,24
ltgt,1
wrong,13
accept,1
private,8
isnt,9
kept,3
lawrence,5
river,8
personhood,3
designation,3
grant,4
legal,5
human,9
landing,8
aircraft,4
wing,6
commander,5
moghe,2
azerbaijangp,5
mercedes,1
weekend,11
consist,1
subtle,2
endplate,1
infill,1
shed,1
drag,1
resurfacing,1
improved,15
quality,5
crosswind,1
meant,5
intensity,2
intimacy,2
heart,4
insane,6
heatwave,2
portugal,3
broke,3
historic,2
benguerir,2
cordoba,2
mora,2
copernicus,2
map,4
land,5
iberianpeninsula,2
africa,2
calling,8
convention,1
introduce,1
amendment,1
constituion,1
write,12
ratify,1
escaped,1
bkchat,1
topic,8
gmb,1
often,6
tucsonan,1
wildcat,1
fan,9
menaugh,1
jersey,1
tee,1
nicest,2
literallly,2
repository,5
socalled,2
constrained,2
willmore,2
smoothest,2
various,4
constraint,3
college,2
qbs,2
sucked,1
nfl,22
starter,2
comparable,1
lamar,1
carried,2
nobody,5
cam,2
newton,1
champ,3
ordinal,2
inscription,1
rare,1
sat,5
none,5
existed,4
since,34
protocol,10
exponentially,1
havent,13
scratched,1
sars,1
retina,1
covid,6
autopsy,1
definitively,1
localize,1
retinal,2
inner,3
outer,3
nuclear,2
cell,2
ganglion,1
ocular,1
situ,1
hybridization,1
ish,1
someone,11
usually,4
surfacelevel,3
alls,1
tired,5
rarely,3
reveal,2
heavy,5
literature,2
bloom,1
invasion,3
cheap,4
stuck,1
mud,1
due,17
tire,1
nato,4
defend,1
anakin,1
obikin,1
mermaid,2
swim,1
obiwan,1
dreamt,1
glimpse,1
observe,1
afar,1
queer,1
influence,1
evolution,3
developed,8
parallel,1
throughout,5
study,12
examined,1
specie,2
euarchontoglires,1
allowing,3
researcher,2
analyze,1
diversity,1
regardless,4
wether,1
appealing,2
disney,2
thelittlemermaid,1
thelittlemermaidth,1
sebastian,1
underthesea,1
crab,1
ghostcrab,1
babyseaturtle,1
seaturtle,1
turtle,1
bias,1
evacuated,2
pit,2
wheel,2
spun,2
violently,2
miner,2
mumble,2
lighthouse,2
rocked,2
foundation,4
fortunately,2
south,6
wale,2
quake,2
resulted,2
death,3
indeed,2
handy,1
fortune,3
harrison,1
ford,1
crash,2
plane,2
die,1
signed,4
several,10
realizing,1
printed,3
lone,2
nite,1
wolf,2
bet,12
headcanon,1
conner,1
bitoblivious,1
arent,6
obvious,3
depends,6
preference,3
device,27
limit,5
prefer,4
con,2
devon,1
witherspoon,1
smile,2
coach,14
mother,3
funny,3
hot,8
energy,8
originally,2
wow,6
clueless,2
crater,1
monument,1
aptly,1
named,1
apollo,1
astronaut,1
visited,2
conducting,1
geology,1
continue,6
upstairs,1
bethesda,2
row,6
mixed,1
capping,1
west,1
block,4
formerly,1
parked,1
grocery,1
strip,1
configuration,6
seem,6
making,23
progress,9
brick,1
hochul,1
far,8
albany,1
barely,4
skyrocketing,1
violent,1
crisis,4
reckless,1
budget,10
proposal,1
failed,3
bail,1
reform,2
factor,3
drought,4
experiencing,1
prolonged,1
soil,3
moisture,2
moderate,1
impact,6
mass,1
current,6
larger,1
swing,1
peripheral,4
collector,2
dead,9
decade,2
microsoftbranded,1
modern,6
quits,1
bible,1
shes,2
praying,1
path,5
hell,6
interchain,1
towards,19
reducing,1
chain,8
replicated,1
layered,1
mesh,1
linked,5
southwest,2
wave,8
jetstream,1
anticlockwise,1
pressure,4
sitting,2
patch,1
north,12
tumor,1
predicts,1
postoperative,1
ipsilateral,1
gfr,1
partial,1
nephrectomy,1
ùêÜùêîùêàùêÉùêÑùêãùêàùêçùêÑùêí,2
canon,2
mus,2
auto,5
dodging,2
fight,3
ùòµùò©ùò¶,2
ùò•ùò¶ùò¢ùòµùò©,2
shoddy,1
elizabeth,1
olsen,1
jesse,1
plemons,1
actor,5
elevate,2
cast,1
todd,1
haynes,1
film,1
decent,2
enough,8
reflection,1
thickness,1
wavelength,1
reflected,1
contrary,2
remembering,2
mythic,2
enjoyment,2
malik,2
willis,2
skimming,1
connect,9
dot,1
approximately,1
experienced,7
virtually,1
nowhere,2
picture,4
alta,1
mesa,1
wellfield,1
digging,1
sump,1
separate,4
reclaiming,1
put,17
owner,7
operatorgreat,1
uranium,1
fought,2
country,5
somehow,3
stalk,1
adversariesenemies,1
enforceenact,1
agenda,2
fake,1
begs,1
exploration,1
scheme,2
hierarchal,1
attempt,2
empowerment,1
jurgen,1
hadcome,1
contac,1
volume,10
psychedelic,1
biopunk,1
scifi,1
prism,1
stalker,1
weeping,1
vep,1
fellow,2
subdue,1
psychic,1
planet,3
bent,1
scouring,1
subjugating,1
conquering,1
goodbut,2
ugh,2
replace,2
parking,3
fifteen,2
rule,7
retro,5
wii,2
redfall,10
celebration,3
arkane,3
austin,6
controller,12
sweepstakes,3
glory,1
pcxbox,1
migthty,1
mite,1
delucions,1
adventurer,1
featured,1
salanar,1
maegu,1
springbreeze,1
pack,10
heptapremium,1
bdc,1
psn,1
chall,2
giveaway,13
island,3
winner,11
tweet,7
choose,11
giveawayalert,2
gamingcommunity,1
gaming,34
recording,7
cooked,1
yep,3
desire,2
na,11
certain,5
constant,2
gamepass,6
begging,2
pathetic,2
gon,8
drill,1
coffee,6
drop,10
sooo,1
ppl,4
hav,1
starwarsjedisurvivor,5
buggy,2
surprised,1
playable,1
til,1
minute,9
jimbo,1
nearly,1
sony,13
seeing,4
bragging,1
phil,4
spencer,3
ride,1
tier,2
commentary,1
championship,31
decider,1
finale,3
survivor,8
hasnt,3
arrived,3
gameloft,1
adapt,4
hollywood,1
edt,11
pdt,6
relative,1
xboxfreecodefriday,3
teslagrad,1
pretending,1
bashing,1
praising,1
boy,8
coward,1
port,1
pollfeeling,1
jedi,8
surviving,1
xsteam,1
rtlike,1
battle,4
jedisurvivor,2
starwars,2
mark,5
word,11
notice,2
plus,13
subscriber,1
banana,2
tailpipe,1
hey,18
osint,3
osintforgood,1
gamertag,1
engine,10
tracker,3
lookup,2
anyones,1
gamers,4
halo,8
hand,4
kid,2
yip,1
bout,1
alpha,3
skipahead,1
xboxinsiders,2
ireland,1
mood,1
forgotten,2
valley,1
weave,1
generationspanning,1
tale,5
sosawl,1
cheaper,2
pok√©mon,1
hammerwatch,4
chronicle,2
edition,39
physical,2
preorder,4
gamestop,2
anniversary,4
hero,7
facial,2
forget,5
spring,14
cleaning,4
giving,13
kudos,1
sort,4
goody,5
grab,10
gift,29
card,33
chance,9
springgiveaway,1
xboxgamer,1
playtests,1
xboxone,8
faq,2
employee,5
cryptic,1
terrorist,1
collusion,1
simp,1
sympathy,1
mimicking,1
valheim,1
homebase,1
communicating,1
doubted,1
verify,2
fanboys,2
angry,1
gamescontroller,1
celebrating,2
success,4
le,15
lord,7
gamehardwaresuscription,1
slaughter,1
dogecola,2
softdrink,1
cheer,3
mondaymotivation,1
mondaymood,1
claim,3
armored,1
armoredcore,1
firesofrubicon,1
sisagame,1
adjusting,1
ingrained,1
inversion,1
remap,1
activision,3
treat,2
bobby,3
kotick,3
culture,5
xboxseriesx,2
xboxseriess,2
respawnentertainment,1
essay,1
clippy,1
kinect,1
shocked,1
playersthat,1
written,2
retrospective,1
favourite,2
pas,4
hardspace,2
shipbreaker,1
brilliant,3
extra,5
prefix,1
stocking,1
shelf,1
demand,8
depressingly,1
unique,6
biggest,2
freekeyfriday,2
monstercrown,2
cet,2
luck,5
pixelart,2
nintendoswich,2
indiegame,2
journey,13
laughing,2
competition,4
origin,2
offergames,1
indication,1
videoaudiogameplay,1
persistent,1
redo,1
naff,1
somewhere,2
restore,1
bought,3
ton,51
elsewhere,1
third,7
party,5
multiplatform,1
joke,1
insanity,1
expecting,1
brad,2
smith,3
touting,1
catchphrase,1
remain,13
fella,2
balled,2
cdubb,2
lawyer,1
realistic,1
scenario,4
extend,2
deadline,1
crack,1
reported,2
graphic,2
worse,4
endless,2
complimentary,2
negative,2
nintendo,7
eshop,1
either,9
dude,2
swinging,1
breaking,55
smackdown,4
arenashow,1
tag,18
soyelruu,1
prop,1
missing,5
entrancematch,1
xboxpc,1
rally,1
livery,2
apex,2
predator,1
hurac√°n,1
sto,1
forzapaintbooth,2
wgmg,1
philness,1
starfield,1
mostly,4
jumped,26
psp,1
hooked,1
nuttin,1
plasticbox,1
lower,7
elden,1
objectively,1
gamesandthere,1
alienate,1
themseves,1
celebrate,2
rog,1
delta,26
animate,1
headset,1
fallen,3
designed,6
painting,1
forzashare,1
forza,1
aiartworks,1
wanted,16
finger,4
crossed,3
rockstar,2
redemption,2
deserves,2
survivalbase,1
builder,7
genuine,1
obsessed,1
particularly,1
fps,1
competitive,6
difference,5
shi,1
mut,1
fut,1
coin,2
stub,1
owned,2
psxbpcswitch,1
royale,1
ups,1
grinding,2
legit,1
corpos,1
actibliz,1
prolly,1
disneyspeedstorm,2
deluxe,2
wish,3
mega,3
couldve,6
shown,6
upoh,1
spiderman,3
doubt,1
suggested,1
streaming,4
storefront,1
neil,1
danny,1
hide,7
closet,1
nonce,1
activisionblizzard,1
stranded,1
alien,1
dawn,1
plenty,15
modifier,1
dozen,1
sink,1
teeth,1
xenophobia,1
kill,3
hope,15
hade,1
es,1
starflop,1
redflaop,1
rebirth,1
stellar,2
faction,1
ima,1
pull,2
enthusiast,4
strong,8
forth,3
tribe,1
laugh,1
jrpgs,1
rethink,2
unlock,4
possibility,2
weirdo,1
changed,11
bio,6
megaman,3
reason,6
bid,5
farewell,1
destroyed,1
confront,1
responsible,5
humanity,1
downfall,1
afterimage,1
handdrawn,1
actionadventure,1
fantasy,5
engardin,1
devs,6
adaptive,1
answer,18
diverse,1
enjoying,2
keynote,14
gameaccessibility,1
internet,9
cyberpunk,1
slightly,3
immediately,6
interloper,1
territory,2
signal,5
void,2
seriously,2
onwards,1
annual,2
aye,1
cape,1
cool,11
shake,1
anti,3
tha,1
worst,9
receive,22
laggs,1
population,4
selected,2
shared,7
accessible,9
gamingforeveryone,1
segregate,1
convenience,1
oregon,2
nonprofit,4
rainbow,1
saturday,2
artisan,1
fair,4
sandy,1
lgbtqowned,1
allyowned,1
cdt,11
spc,14
slight,6
northcentral,3
southern,4
georgia,4
everywhere,4
recognize,2
prepared,2
greg,2
ribbon,3
expanded,3
microsoftoutlook,3
performanceoriented,3
beauty,7
sex,7
appeal,7
eaten,7
diminishing,7
return,8
natural,12
sustains,7
characterattitude,7
haul,3
purchased,2
muln,2
paying,2
introducing,6
multifamily,1
uncover,1
cre,1
multifamilyoutlook,1
workwithwalker,1
counting,1
blessing,2
son,2
whammo,2
jpmorgan,1
debut,1
decipher,1
fed,5
speech,3
trading,9
generativeai,1
batman,2
twice,1
bruce,2
monologue,1
essentially,3
effective,6
thousand,1
india,1
holistic,1
tradition,1
preventive,1
shifted,3
confirmation,1
institutional,1
survival,1
inspiring,1
teenager,1
missional,1
initiated,2
jesus,1
entrusted,1
church,1
thursday,5
despite,9
turbulence,3
economic,6
rebounded,2
modestly,2
economy,5
imp,1
resignation,1
tc,1
reasonthe,1
coalmineone,1
ampoutlook,1
spoke,1
sector,7
near,4
term,8
infys,1
foretold,1
accor,1
robust,5
recovery,3
revised,1
putin,2
former,15
president,5
croatia,1
kolinda,1
grabarkitaroviƒá,1
bloomberg,2
neweconomygateway,3
expansion,2
watching,4
hourly,1
downwards,1
closely,2
dip,2
bullish,2
spx,1
garage,2
whatever,11
vladimir,1
kim,3
darroch,1
dublin,1
warmwebinar,4
hosted,7
mentor,5
liberal,3
unnatural,5
acclimatised,2
depression,3
born,7
necessity,2
goldmoney,1
james,6
baker,3
republican,1
worked,8
election,2
txlege,2
colleague,8
kimberly,1
klinsport,1
jennifer,1
urban,1
international,6
foleyforward,1
resetting,1
draft,20
hendon,2
hooker,2
widely,1
projected,2
vols,1
tear,1
bit,14
continues,5
movie,2
kenya,2
seen,6
humiliated,2
removed,4
contingent,2
neutered,2
resentment,2
hostility,2
kdf,2
humilitythe,2
machination,2
intrigue,2
strategic,3
consideration,2
strange,2
reigned,1
king,2
prick,1
irish,2
prime,4
minister,1
seek,1
rejoining,4
board,10
keeanu,6
benton,7
wrte,3
speed,7
offense,3
idc,7
goff,4
weapon,6
gif,1
apr,7
utc,7
convective,4
nw,3
storm,7
prediction,8
norman,3
fri,4
enhanced,7
thunderstorm,3
mississippi,3
prison,1
football,7
paul,2
crewe,1
peter,1
illustrated,1
critical,6
southeast,1
arizona,2
spotlight,2
frank,1
longtime,1
teeniors,1
genealogical,1
society,1
someday,1
havin,2
autism,8
tragedy,2
personally,3
fuckin,4
special,4
wallow,2
line,11
adversity,1
damage,2
corporate,2
effort,3
negotiate,1
lulu,1
chengmeservey,1
leadership,4
writes,1
chamber,1
property,6
spicy,2
fintech,2
firehouse,2
police,2
station,3
reaction,2
formulate,2
projection,3
longterm,3
reacts,3
relevant,3
mdlz,1
raised,1
organic,1
adjusted,1
gop,4
jack,7
clot,2
beginning,4
pharmagovernment,2
alliance,3
bleak,2
somebody,4
vaccinedeaths,2
vaccineinjuries,2
parent,7
died,2
bullying,2
abuse,3
spite,2
overcome,5
struggle,2
proud,5
casey,4
thompson,4
navigated,2
volatility,2
earlier,5
investor,4
staying,3
disciplined,2
continued,2
banking,3
inflation,5
interest,4
investment,5
accepts,9
admire,9
fahmaan,10
khan,10
asiapacific,1
inequity,1
workfo,1
poem,1
brian,2
broad,1
minded,1
odd,4
spell,2
generally,1
cloudy,4
scattered,1
shower,2
humid,1
thundery,1
brewing,1
mon,1
dry,1
mild,2
sense,7
astros,2
peices,1
altuve,1
brantley,1
yordan,1
pitching,1
opinion,1
petition,2
autistic,3
neurodiverse,1
univeristy,1
cavs,2
promising,2
flameout,2
stillpromising,2
bigpicture,2
settle,1
midteens,1
drier,1
par,2
sonys,2
momentum,2
lucrative,2
painfully,2
anisha,2
amish,2
amit,2
akshay,2
saved,6
ctrl,2
afternoonevening,2
intellectual,1
dishonesty,1
base,9
context,3
publicly,3
intentionally,1
controlled,3
demolition,1
hyperinflation,1
debtgdp,1
earnings,2
priced,1
appear,5
missed,4
impulse,2
pullback,2
hazy,1
dumb,2
gibbs,6
couldnt,7
bump,3
dayweekend,1
inspire,1
youth,2
ayatollah,1
ibrahim,1
amini,1
revolutionary,1
habit,2
pastime,1
else,9
indicatorsgenomics,2
outcome,3
metric,7
wastewaterall,2
favorable,2
elementary,1
middle,8
clay,2
tiedying,1
shirt,2
plaster,1
craft,1
goowls,1
wisdom,1
obtained,2
ounass_noon_promo_non_toyou_to_fordeal_hm_and_body_hampm,1
you_h_and_m_ounas_coupon_sivvi_namshi_code_onas_discount_onass_,1
homie,1
nothin,2
aint,4
friendo,1
kickflip,1
ndbridge,1
addin,4
gojetsgo,2
njdevils,3
solved,2
nyr,2
leafsforever,2
gobolts,2
scoop,1
couplebanging,1
threw,1
social,18
passport,1
belonging,1
turahirwa,1
moise,1
educational,1
hbcu,1
checking,5
blackafrican,1
american,3
hazardous,1
york,15
cnywx,1
utica,1
syracuse,1
secretary,1
jimmy,4
carter,3
appearance,51
rice,1
university,2
bakerlive,1
pomologist,1
david,7
sterle,1
hotchkissarea,1
produce,3
apricot,1
consumer,3
optimistic,4
employment,4
respondent,2
household,3
buoyant,2
nonessential,2
draw,3
werever,1
kind,7
applaud,1
imagine,13
package,12
sensing,1
shortterm,2
price,10
conviction,1
tesla,1
bull,2
awareness,1
sentiment,3
helpful,10
finding,5
impressively,1
measure,6
derail,2
basis,1
hike,1
possibly,3
signaled,1
latter,1
complicates,1
policy,16
however,10
conflicting,1
who,3
headed,2
anchorage,1
cayuse,1
quoting,1
greet,1
eligible,1
umatilla,1
tribal,1
artist,3
ellen,1
darling,1
greater,2
happiness,1
wfaa,2
meteorologist,2
afternoon,5
advocate,2
normal,5
sunday,4
forecast,2
azwx,2
era,5
ainvest,1
ainvest_wire,1
macro,1
trending,2
rightfully,1
crushed,1
committee,2
jahmyr,4
sweet,1
ppr,1
elite,3
immediate,1
passdown,1
amonra,1
jared,1
adot,1
joined,2
brent,1
sohngen,1
movement,1
supply,5
oil,2
gas,4
fertilizer,1
renewable,1
carbon,1
emotion,3
portrayed,2
lagerfeld,2
idgaf,2
altered,2
western,3
capitalistic,2
fashion,4
chanel,2
bigot,2
legacy,4
clearly,2
passed,2
wise,1
agency,1
electric,1
vehicle,3
ev,1
estimated,2
expected,5
iea,1
harbor,1
battery,2
outlookpositivity,1
ken,1
commute,1
intolerable,1
hispanic,1
connectwithus,1
acknowledged,1
lapse,1
bursted,1
viewed,1
unable,2
narrow,1
stav,1
grandma,1
taught,1
genuinely,2
rather,3
corby,1
texas,4
implemented,7
hierarchy,6
highest,4
avoid,3
collaborating,5
implement,10
masterclass,2
documentmanagement,3
manchester,3
blackbirdcorporate,1
sharepointtraining,1
trainingcourse,1
phu,2
cochair,2
workforce,3
edinhsuk,2
built,6
cumulative,1
workflow,8
microsoftlists,15
ear,14
tuesday,15
announcementsupdates,14
comingsoon,14
firm,3
passionate,2
tec,3
copilot,10
viva,19
intune,4
practical,4
microsoftviva,1
msftviva,1
comprehensive,7
intranet,3
officer,2
amecron,1
citrix,17
doc,23
requires,18
vda,17
shellbridge,17
enabled,17
onestop,1
efficiently,25
effectively,1
currently,8
preparing,1
ceremony,4
class,10
undergrad,1
bag,3
gillette,1
dynamic,57
asset,7
maintain,2
jquery,2
posted,6
john,2
amir,1
demographic,1
tab,10
late,15
mentalhealthweek,1
staff,4
wellbeing,3
incorporate,1
wellness,1
tuned,6
syntex,2
forum,2
m√©ridien,1
charlotte,1
navigating,2
thick,4
glove,1
award,8
nomination,3
nominate,4
outstanding,4
engagement,3
powerautomate,14
kevin,7
dibb,5
logo,2
himadari,1
speciality,1
chemical,1
upside,1
stopp,1
hscl,1
breakoutstocks,1
stockmarketindia,1
imdocshare,1
perform,6
contextual,1
correct,3
imanage,2
documentmanagementsystemsdms,1
legaltechnology,1
lawtech,1
arcgis,2
gisstackexchange,1
nonnative,1
attendee,7
curious,6
certainly,4
default,36
autonomy,2
itgovernance,2
explanation,1
reliant,1
softlanding,1
cmssolution,1
teachh,2
caveat,2
debatable,2
knowledgably,3
karbon,3
thinking,12
suggestion,15
containing,2
pulse,1
menopause,1
ftp,6
singleuser,5
singeuser,5
individual,6
drive,42
insight,32
sponsoring,3
expo,1
hall,1
booth,2
hint,2
aisearch,1
connector,7
azurecognitivesearch,1
microsoftsearch,2
direct,4
practicebased,1
neurodivergent,1
intet,2
booz,1
allen,1
washmetro,1
obtain,2
boozallen,1
ide,4
imaginative,1
source,28
articling,1
position,4
spacemonkeys,1
donate,1
fly,5
maidstone,1
annum,1
recruiting,3
rafay,1
consulting,5
revolutionize,3
develop,11
customized,3
sharepointservice,1
sharepointportals,1
microsoftpartner,3
configure,8
migrationwiz,6
successful,6
decided,2
horrendous,1
dashboard,16
valuable,8
communicative,1
sharepointdashboard,1
kwiz,1
ama,2
reston,2
united,4
infosecjobs,2
jobsearch,2
hiringnow,2
cybercareers,2
unitedstates,1
agile,19
dod,1
opensource,3
polygraph,1
passion,1
integrity,1
commitment,3
sharepointnetworkengineer,1
teamnavitas,1
navitastech,1
march,4
survey,3
conducted,1
dataanalytics,9
ended,6
published,6
cuz,4
input,8
speaks,4
everydayuser,4
branching,4
wizard,1
administration,4
customization,1
disable,3
commenting,1
sample,7
pnpscriptsamples,1
spo,1
spoms,1
communityrocks,1
varsity,7
interesting,13
loop,18
component,11
bring,9
calendar,5
whiteboard,2
toolsolution,1
compatible,1
powerbidevelopment,6
powerbidevelopers,3
powerbiconsulting,3
framework,7
crud,4
operation,17
andmore,1
prepare,1
webinars,1
covering,1
sharepointframework,1
microsoftloop,1
googledrive,4
transfer,4
wasabi,4
mpft,1
apologise,1
inconvenience,1
accommodate,2
masteringmicrosoft,2
signup,2
ntu,2
helper,2
achieve,1
academic,2
fitzone,1
treforest,1
gym,4
train,7
automatically,5
type,10
microsoftsyntex,1
met,2
actively,1
orgs,1
dpearlyyears,1
educator,1
mapping,1
bird,1
act,3
saver,1
spfx,3
murine,8
pneumonia,16
excellent,10
antimicrobial,8
therapy,8
gap,16
translation,8
preclinical,8
standardized,8
validated,9
webpart,2
bravo,1
yammer,1
officehours,1
grid,1
gallery,2
conditional,1
successfully,9
assisted,1
diligently,1
seamless,2
transition,3
saving,3
casestudy,1
crm,26
phishing,3
detected,2
„Éï„Ç£„ÉÉ„Ç∑„É≥„Ç∞Ë©êÊ¨∫,2
url,5
hxxpsjaafedgecomtnationsharepointtmobile,2
telekom,2
urlscan,2
hateful,2
hywels,1
applause,1
recognise,1
dedication,1
valued,2
appreciated,3
delighted,2
guinea,1
bissau,1
newsletterwhich,1
planinternationalgnb,1
keith,1
byrne,1
chargediplomatic,1
intelligence,10
khona,1
manje,1
omunye,1
letter,3
infocom,4
rmmtechnologies,1
customworkflowsolution,1
bestsharepointservice,1
stunningui,1
rmm,1
maven,1
explain,3
archive,19
initiative,1
completed,5
happens,3
scene,2
archived,1
powerapps,13
submit,6
delay,1
colt,1
composure,1
battled,1
shortened,1
farmington,1
invitational,1
medalist,1
hotts,1
zach,1
leo,1
represented,1
potentially,5
titan,4
patriot,4
implication,4
teenage,1
girl,5
mongering,1
minority,1
opensearch,1
ingestion,1
rekognition,1
liveness,1
roster,3
bringing,4
interviewed,2
positional,1
ultraliga,1
later,3
shock,1
ligamx,1
stfu,1
outta,1
pocket,1
banned,7
bound,2
club,3
aswell,1
offensive,2
expelled,1
league,10
registering,2
parkinson,1
canada,2
resting,1
heading,3
production,2
marathon,2
sprint,2
donation,1
bill,7
fred,3
jackson,3
active,14
mets,2
lineup,1
roto,1
mlb,1
dfs,2
lgm,1
aberdeen,1
rural,1
dept,1
transport,1
agtegra,1
var,8
harm,1
pre,2
signing,2
kit,2
dopamine,1
smashing,1
tour,1
againgtgtgt,1
nitlike,1
golf,1
wnit,1
participate,3
postseason,1
playinmay,1
levi,2
steelerscountry,1
gosteelers,1
herewego,1
steelersforlife,1
dar,2
manipulated,1
boycott,1
total,4
pitch,1
premier,7
kieran,1
trippier,1
rodri,1
lewis,1
serge,1
aurier,1
enzo,1
fern√°ndez,1
usage,12
jeff,1
scott,3
mychael,1
havehes,1
patient,1
meaninglessness,1
consensus,8
mock,2
rated,2
scholastic,1
esports,1
reach,9
rep,4
discord,17
sorest,1
history,5
revolves,1
utterly,1
sad,2
material,4
lmao,8
jordan,5
recruit,4
trip,2
wolfpack,2
hundred,1
jeopardy,1
rebranding,1
english,3
telegraph,1
steph,4
compare,6
convo,1
press,2
jet,2
gervon,4
dexter,4
riser,2
baylor,2
siaki,2
ika,2
flunked,2
medically,2
atlanta,3
campbell,2
tipping,1
mercury,1
financiallytroubled,1
rsn,1
tourney,1
bwars,1
cashapp,1
paypal,1
gadget,1
nitro,1
barrel,1
cash,5
prize,2
acting,1
beat,5
astrix,2
extending,2
nonhuman,2
identity,3
enables,2
remediate,2
overprivileged,2
unnecessary,2
malicious,4
thirdparty,8
connection,4
threaten,2
seven,2
northwest,1
pitched,1
panel,2
startup,4
bearcatsconnect,1
careerready,1
prompting,2
emergency,5
hazmat,4
ferryville,4
wisconsin,4
responded,2
derailment,2
consistently,2
lucky,1
halftime,1
respite,1
consecutive,2
embarrassing,1
gm,2
medical,2
elbow,1
scope,2
awkward,1
antiguoko,2
kirol,2
elkartea,2
tournament,4
competing,5
fursan,2
qualified,2
silver,2
cup,4
meaning,15
semifinal,3
pubgm,1
pmpl,1
grand,4
pride,1
followed,5
madbulls,1
traditional,1
nexus,1
auburn,1
juco,1
markel,1
bell,2
tiger,1
according,1
city,6
alking,1
theyve,1
arsenal,2
tamuecen,1
faculty,1
instrument,2
capstone,1
sponsored,1
accomplishment,1
tamu,1
tamuengineering,1
curtain,1
firstround,1
silly,1
nervous,1
runofthemill,1
trolling,1
phoenix,1
windy,1
ùó®ùóΩùó±ùóÆùòÅùó≤,1
dandre,3
montgomery,1
freeagent,1
phillies,1
quess,1
desk,2
leveraged,1
highspots,1
unified,1
gotomarket,1
headcount,1
yearoveryear,1
adoption,1
onboarding,1
seller,8
confidence,2
swear,2
pan,1
hercule,1
hards,1
skillstrat,2
eachother,2
apac,2
produced,3
hail,3
tornado,3
tower,3
performed,9
payload,3
coed,1
screwed,1
guardiola,1
bruynes,1
berate,1
ederson,2
tiny,2
error,14
noticed,3
relentless,1
egfc,1
kick,5
wrs,1
jag,1
tackle,4
reportedly,1
surge,1
leading,31
locking,1
dissect,1
inter,1
utaapmt,1
disdain,1
monstrous,1
prior,1
bat,1
‡Æï‡Æü‡Æü‡Æü,1
‡Æ™‡ÆØ‡Æü,1
strangle,1
opposition,1
nrr,1
bowling,1
spinner,3
prabath,1
jayasuriya,1
wasting,1
talent,1
zafar,1
gohar,1
couple,4
congrats,2
charity,3
raise,1
crown,1
dayz,1
carrollton,2
attaining,1
recognition,1
maxpreps,1
congratulation,2
remarkable,2
achievement,1
aew,2
packed,1
division,4
saraya,1
aewwomansdivison,1
aewwomanstagteams,1
relocated,1
nhl,1
filled,1
topeleven,1
tega,1
acronis,2
realestate,1
qampa,5
bzh,1
charge,2
golden,1
added,10
nigga,2
explained,2
bowl,5
criticism,24
rostered,1
cfl,2
campaign,3
argonaut,1
comeback,1
inevitably,1
grey,2
argo,1
researching,1
rwa,1
category,5
liked,1
chromosome,1
fpl,1
mistake,1
summary,6
cheat,13
seahawks,11
pete,6
carroll,5
fined,10
violating,5
nocontact,5
govern,5
offseason,5
ronaldo,2
shitty,1
nassr,1
messi,1
psg,1
ligue,1
combined,5
costreward,1
ratio,1
beneficial,1
favor,1
goalkeeper,2
pep,3
introduced,4
buildup,1
quicker,3
ball,1
rapoport,1
bear,1
steelers,11
claypool,1
pittsburgh,1
exceptional,1
changer,1
viking,2
kwesi,1
adofomensah,1
addison,1
paid,2
turnt,1
striker,2
bottom,2
brawn,1
teamwork,1
fdic,2
pumper,1
firefighter,1
compete,2
strength,7
roll,1
lsu,1
dominance,2
cameron,1
relational,1
positivity,1
zack,1
selection,2
juan,1
pierre,1
carrying,1
sierra,1
vista,1
cochise,1
racing,1
gokart,1
science,5
panarin,1
mika,1
offensively,1
blaming,1
tearing,1
tinkeringtrying,1
bijan,1
oddgame,1
output,1
closeout,1
lebron,1
shooting,1
efc,1
athlete,2
placement,2
thankful,1
cheerleading,1
spineless,1
shame,1
dyche,1
gitmo,1
guam,1
court,3
proceeding,2
political,1
logistics,1
transportation,1
defendant,1
personnel,2
considered,1
underway,1
ahsaa,1
baseball,4
playoff,32
targeting,3
quarterfinal,2
wkrg,1
ghsa,2
champion,1
numerous,3
finisher,1
sectional,1
rockmart,1
hyping,1
greatest,2
hammer,2
offseting,1
cancel,1
jumping,1
hoop,1
deserve,1
taken,2
oodle,1
noodle,1
supportive,1
franchising,1
oodlenoodle,1
yeg,1
yyc,1
presser,1
decisive,1
opener,1
chicago,1
stats,2
watched,3
porto,1
scored,3
equalise,1
scholes,1
score,1
given,5
wrongly,1
cheated,1
european,2
reassigned,1
seal,1
army,1
assignment,4
transparency,1
increased,1
collectively,1
female,1
operator,1
realized,2
villain,1
teen,4
dressed,1
michael,4
corleone,1
mayonnaise,1
farming,1
smart,8
wouldnt,1
wbd,1
nba,2
espn,1
tnt,1
exclusivity,1
telecast,1
butler,1
elimination,1
intimidated,1
msg,1
mythical,1
fortress,1
delusional,1
yorkers,1
mccoist,1
scorer,1
ranger,1
henriks,1
career,2
squad,1
unreal,1
playersfirst,1
afc,1
cornerback,1
raven,1
ravensflock,1
ravensnation,1
winning,6
leaf,1
exercise,1
demon,1
junior,6
contacting,1
detroit,1
dandreswift,1
fuente,1
postponed,1
administrative,1
dorado,1
assist,2
cleanup,2
incentive,1
lampard,1
drove,2
relegation,1
qualify,2
gjirafagg,1
eliminated,2
cest,2
lft,1
iglco,1
igl,2
sentiviper,1
flex,2
kayobreach,1
prioritizing,1
established,1
vouchesretweetslikes,1
avail,1
catharines,1
thorold,1
notl,1
min,2
domestic,6
cricket,1
backinggreen,1
irishcricket,1
icc,1
lucy,2
coyne,1
director,3
liverpool,1
clicking,2
diving,1
penalty,1
scoring,1
viz,1
buffalo,1
san,2
diego,2
philadelphia,1
copenhagen,1
phase,1
america,4
bombsquad,1
federal,1
lifecycle,1
andor,2
yr,1
req,1
securityclearance,1
excited,32
coaching,1
slate,1
tap,1
preecnl,1
beforehand,1
alumnus,1
softball,1
duo,1
coast,1
guard,1
academy,1
grizzly,1
firstchamp,1
impressed,1
houston,1
superpowered,1
festival,1
recap,1
xfl,1
xflsouth,1
xflnorth,1
branch,3
rolltide,1
builtbybama,1
miami,13
seed,1
earned,1
epl,3
dump,1
random,4
overhyped,1
merchant,1
booted,1
farmer,1
ruled,1
inaugural,1
ranking,1
scammer,1
daisy,1
canoe,1
kirk,1
bud,1
jay,2
linkedln,4
marketer,3
coauthoring,1
modeldriven,2
modeldrivenapps,1
deliver,2
rich,2
capability,9
streamline,3
gi,3
maximizing,1
subscription,8
fampo,2
directionsna,5
nocode,4
alerting,6
lowcode,4
logic,5
demoed,3
organiser,1
ensures,1
implementation,8
datamanagement,1
simplanova,3
informative,3
presenting,8
dynamicsminds,2
gold,2
sponsor,3
satisfied,2
goto,4
seeking,2
grateful,4
contribution,4
marketing,8
infographic,2
billingautomation,1
subscriptionmanagement,1
billingsolution,1
billingmanagement,1
newsletter,6
tgif,8
isvconnect,1
microsoftlife,1
bestwithbrian,1
ledger,3
batch,1
msdyngp,2
microsoftdynamics,8
bootcamps,2
brussels,3
september,2
factory,2
soup,2
pyspark,2
databricks,2
synapse,4
blob,2
xml,2
technique,2
handling,3
efficiency,6
intellicti,1
outofthebox,2
localization,1
chile,1
costarica,1
newfeatures,1
dynamicsgp,2
platinum,1
pfw,1
backupplan,1
redundancy,1
openapi,1
erpsoftware,2
erpsolutions,1
erpintegration,1
erpimplementation,1
bangkok,5
phenomenal,1
networked,1
thailand,2
coding,53
debugging,1
computerprogramming,1
ahaapps,3
advantage,1
businessservices,2
registered,4
mysummitna,3
accelerator,3
hranalytics,1
hrdata,1
dataanalysis,3
peopleanalytics,1
inkubit,1
alarm,4
kicking,7
businesscentral,18
functionality,6
audittrails,2
bankmanagement,2
deferral,2
warehouse,2
enhance,6
execution,2
supplychainmanagement,2
unifies,1
adversi,1
utilization,1
proactively,1
customeragent,1
customerexperience,3
contactcenter,1
surrounding,2
nordicsummit,2
cf,3
apis,14
recommended,7
solve,4
redirect,1
belgium,1
servicesomni,1
channelsales,1
chatbots,1
visibility,3
inventory,2
enhancement,3
customerservice,4
clickdimensions,4
attending,5
asia,3
connecting,3
integrating,2
handson,4
gtgt,1
customersupport,1
addition,6
portfolio,4
microsoftpartners,1
aipowered,2
exceed,2
expectation,3
delight,1
cti,1
gain,5
informed,1
avoiding,1
overspending,1
excessive,1
projectmanagement,4
udssystems,1
udsexpert,1
reimagine,1
resourcing,1
projectoperations,1
queueemea,1
fieldservice,1
salesreps,1
customerloyal,1
itconsulting,1
businessconsulting,1
fridaysforfuture,1
operates,1
substantial,1
augment,1
hotel,2
restaurant,1
cafe,1
searching,1
mappyfield,2
poi,1
exiting,2
requirement,4
generative,1
relate,1
unrelate,1
canvas,5
canvasapp,2
modeldrivenapp,1
kanban,4
dynamicscrm,3
manufacturing,8
loading,1
canvasapps,2
adaptable,1
planning,3
continuity,10
lead,13
budgeting,2
microsoftsecuritypartner,2
exploring,13
dataverse,10
myth,1
stevemordue,1
satisfaction,1
adherence,1
intrigued,1
emphasizes,1
planner,2
housing,1
berger,3
microsoftpowerplatform,1
powervirtualagents,1
streamlining,2
estate,2
mastering,2
charleslamanna,1
attribute,1
mspartners,1
geobusiness,1
esri,1
furnitureindustry,1
accommodation,1
entered,2
tooltip,2
organizational,1
sewer,1
esker,1
leveraging,3
empower,3
faster,5
demystified,2
mvp,7
lovemyjob,1
usa,3
ondemand,1
showcase,1
cfo,3
lan,2
infotech,2
llcs,2
operational,1
showcasing,3
corner,5
keystroke,2
ultra,2
navigation,3
prousers,2
associated,3
subgrid,1
receipt,1
msdynnav,1
embed,4
log,3
vivasales,1
fastpaced,1
pivot,1
crucial,2
flexible,2
responsive,1
condition,1
thursdaymotivation,2
crush,1
oomph,1
customerinsightsupdates,2
xtreme,1
tailored,1
xtremeproductivity,1
understanding,5
barrier,1
combat,2
moving,4
clearing,3
actionable,3
assessing,2
automating,1
ftfr,1
operationsmanagement,1
xcelpros,1
citytech,1
erpsystem,1
utilizing,1
cuttingedge,26
migrat,1
futureready,1
aviation,1
gained,1
onprem,2
sneak,1
peek,1
seemed,2
qixas,1
podcasting,1
podcasts,1
podcastlife,1
savemoney,1
savetime,1
industrytrends,1
businessupgrade,1
permanently,2
powerplatfrom,1
cover,3
roadmap,72
ipaas,1
smbs,2
partneronly,1
accelerate,3
learnpowerbi,1
ddr,1
dementia,1
diagnosis,1
us,7
diagnostic,1
appraisal,1
hello,50
datafam,25
plato,23
pizza,24
techforgoodjobs,15
techforgood,15
socialimpact,15
socialimpactjobs,15
communicationskills,3
bigdata,28
nosql,9
dataengineering,6
datalakes,8
cassandra,6
scripting,8
ops,4
datapipelines,6
scrip,2
machinelearning,30
datascientist,24
programming,31
volunteering,3
jos,3
afford,4
transform,6
heighten,3
dataliteracy,2
language,13
richard,1
holding,2
kpmg,1
github,74
dataset,6
affected,8
spread,4
visualization,10
represent,2
visuals,3
documentation,13
seniorliving,1
dentalpractice,1
vetcare,1
shareholder,1
multisite,1
labelstop,1
label,3
density,2
chartno,1
ladataplatform,9
usergroup,8
alwayson,8
snowflake,8
postgresql,13
courage,1
jda,4
tsg,4
arrival,1
designing,7
lakehouse,7
architecture,9
authored,7
matthew,9
roche,7
tribute,7
infogrid,2
datamodeling,2
etl,2
streamingdata,2
datamodelling,2
grain,2
approx,2
perytus,1
decipheryourdata,1
powerbihowto,1
leadingfromthefront,1
realtimeanalytics,1
parallelization,1
smaller,3
execute,3
generation,2
powerbitableau,2
gptbased,1
dax,8
onobject,1
musical,1
kaggle,2
documented,1
hardworking,1
scroll,1
hover,1
jdatsg,1
businessintelligence,3
businessoperations,2
operationalexpenses,2
readytouse,1
reportingasaservice,1
raas,2
maintenance,1
participant,1
enrol,1
messaged,1
regard,1
saidgtgtgtgt,1
teacher,2
teach,1
visually,2
supported,1
ebook,4
dataviz,2
pbi,3
tabular,4
editor,3
tabulareditor,2
tableau,6
boom,3
dental,1
manages,1
mindful,1
bettertogether,1
calculated,1
column,3
sqlchallenge,1
realpowerbi,2
backed,3
pbisentinel,1
contain,3
linda,1
daniel,1
quiz,1
lem,1
chatgpt,13
canbas,1
pragmaticworks,1
tooltips,1
convey,1
animated,1
scaleout,1
dataops,1
stayed,1
meantime,1
syncstatus,1
october,1
dive,6
optimizing,4
railway,1
improving,3
auditing,21
monitoring,17
rosetta,5
stone,6
kidding,1
multidimensional,1
schema,3
stephen,1
zielke,1
analyzing,1
mine,13
omo,1
cicd,1
pipeline,2
pbix,1
upload,1
repoanyone,1
faced,2
probm,1
resolve,1
th,1
suggest,6
azuredevops,1
mfg,3
flexibility,5
trinsoft,3
billingsoftware,1
dynamicscommunity,1
womenintech,1
gpug,2
prathy,2
kamasani,2
dataceili,2
matrix,2
vote,5
invent,1
pbiviz,1
eight,2
businessnews,2
consolidated,2
financialreporting,2
qbo,1
unitedkingdom,1
average,4
median,3
percentile,1
max,2
pls,2
lostpowerbi,1
public,5
repeat,1
quickanalytics,1
dashboardservices,1
identify,1
promised,1
sqlsaturday,4
jacksonville,2
attended,2
azuresynapse,2
combe,2
liongards,2
combine,5
evaluate,2
msp,1
posture,1
glance,1
makeitroar,1
premium,2
gcc,1
monthly,2
capacitybased,1
publish,2
broadly,1
requiring,2
recipient,1
licensed,1
individually,1
stepbystep,1
instruction,5
literacy,1
infographics,1
datavisualization,2
analisisdedatos,1
cienciadedatos,1
rstats,4
testing,7
eda,1
preprocessing,1
fao,1
presentation,2
underlying,1
southampton,1
council,1
portswood,1
ward,1
labour,1
candidate,5
adx,2
azuredataexplorer,2
kusto,2
kql,3
singlefamily,1
privateequity,1
venturefunds,1
multicurrency,1
nontechnical,2
knackhook,2
humanresources,2
naralokesh,2
creativity,3
futurism,2
fresher,2
resident,1
exclusion,2
inclusion,1
nhscandms,1
heatmap,1
install,17
thisum,1
uninstalling,1
firewall,1
disaster,2
happen,1
fastgrowing,1
quickbooksonline,1
outdated,1
xeetek,1
microsoftproducts,1
appdevelopmentservices,1
snail,1
placed,1
explorer,25
emulator,1
arises,1
broader,1
intellicode,2
longer,2
personalteam,1
deeplearning,1
visualstudio,33
arm,5
mobiledev,6
dotnetmaui,13
windowsonarm,4
yup,3
ides,5
suspect,3
instrumentation,9
definition,1
collectible,1
crashed,1
teal,1
reference,4
engage,9
moderndesign,1
homedesign,1
chaosgroup,1
parametricarchitecture,1
minimalism,1
archvisuals,1
vrayrender,1
vray,1
vrayforsketchup,1
sketchup,1
architecture_hunter,1
allofrenders,1
matching,2
bracket,4
require,6
extension,29
submitting,1
typescript,19
webdev,3
webdevelopment,8
muscle,1
photoshop,1
tooltitude,1
resistance,1
ref,1
lens,1
golang,3
vscode,15
sequence,1
refactoring,1
reactjs,4
autocomplete,4
craftcms,4
sprig,4
plugin,7
marketplace,4
inline,4
throw,4
markdown,1
markdownlint,1
dew,2
weekly,5
dewdrop,2
windowsdev,2
csharp,12
recommend,3
sas,2
compiler,2
simulator,2
bye,11
ngrok,9
devtunnels,18
tunnelling,9
bot,12
prerelease,9
misremembering,1
switched,3
monodevelop,4
xamarin,1
hence,2
zoom,4
commit,2
defaulted,2
twopage,1
nowadays,1
systemweb,1
macos,2
rider,5
stick,3
dock,8
wondering,3
learnt,2
weirdly,1
meat,1
centralized,2
ergonomic,1
blazor,10
aspnet,2
aspnetcore,13
softwaredevelopment,7
techblog,1
codingtips,1
technews,1
learntocode,1
devcommunity,1
multilingual,2
dlls,4
reuse,2
devblogs,1
fam,1
jiayan,2
chen,2
initial,1
nudge,1
facto,1
standard,7
esp,1
thx,2
layout,3
deviate,1
bar,6
prevents,3
bouncing,1
toggle,1
tend,2
horribly,2
exists,2
unproductive,1
el,2
config,2
hoping,1
tunnel,1
guess,3
coder,2
supposed,2
winforms,2
frontenddeveloper,4
backend,56
vitest,2
snippet,5
ext,2
deinsoftwarevitestsnippets,1
arrow,1
deinsoftwarearrowfunctionsnippets,1
vuejs,2
dotdevelop,2
traction,2
purpose,2
revive,2
monodev,2
unlike,2
correctly,2
sln,2
codetour,1
textbased,1
walkthroughs,1
toolbox,1
outline,1
visualizer,1
vaguely,1
recall,1
eclipse,1
highlighting,2
lefttoright,1
scan,1
oriented,1
git,9
staging,1
worthless,1
dialog,1
lose,2
mvc,2
reload,2
webview,3
arbitrary,2
http,2
documenting,1
pane,1
mouse,1
designerpreviewer,2
colorized,1
grouped,1
fracking,1
ten,1
randomly,1
ximian,1
sharpdevelop,4
circa,1
xamarinximian,3
readable,1
iota,2
shimmernet,1
deepfloyd,8
colab,2
diffuser,2
auth,5
chrome,3
babydoge,30
pip,45
twitch,15
reddit,15
works,1
explaining,1
patreon,1
laravel,2
vue,2
cultivate,2
redirects,1
alternatively,1
dedicated,2
wiresharktshark,8
dissector,8
ble,8
advertising,8
beacon,8
known,9
dissects,8
soo,6
stateoftheart,6
texttoimage,6
generate,14
mug,6
deepfloydif,6
exploit,1
pocs,1
vulnerability,5
scrypto,1
webbased,1
arcade,1
integrates,1
radix,3
wallet,3
autogoldhen,4
webinstaller,2
selector,2
rmarkdown,1
flyer,1
compact,4
commercialfriendly,4
chatbot,14
finetuned,4
outperforms,4
fewer,4
parameter,5
section,2
evolving,4
datacomp,2
benchmark,2
multimodal,2
datasets,3
imagetext,2
pair,3
experiment,5
subset,2
outcompetes,2
computematched,2
clip,2
laion,2
flexbox,2
froggy,2
practiced,2
blowing,1
globber,1
audited,1
sideloading,1
ipas,1
sudan,2
bombing,1
hemedti,1
bbc,2
khartoum,1
omdurman,1
meanwhile,1
deepdoctection,2
swissarmy,1
knife,3
parsingextraction,1
ocr,1
mining,1
loader,3
llamahub,1
parse,3
llm,4
exponential,1
irregular,1
interval,5
wix,1
disha,1
cardd,1
airtable,1
natively,1
farcaster,1
accomplish,4
elegant,1
experimental,1
repo,3
warpcast,1
kalipurple,1
launching,4
kali,8
purple,3
keyloggersniffer,1
onscreenkeyboard,1
etw,1
compiled,1
exe,1
usual,1
comparing,2
evidently,1
merely,1
precursor,1
mode,1
codemirror,1
geordle,1
streak,2
zkgithub,2
attestation,2
statistic,25
zeroknowledge,2
unspeakable,1
workaround,1
awesomekubernetes,2
curated,2
shiptada,2
author,3
earthquake,2
fiji,1
hypocenter,1
magnitude,1
solana,2
lab,5
blockchain,5
cryptocurrency,4
hacking,13
bugbountytips,7
websecurity,1
networksecurity,1
cybersecurityawareness,1
itll,2
safc,1
ewt,1
schematic,1
latch,3
latex,2
flipflops,1
srlatch,1
sequentiallogic,1
hades,4
evasion,2
technques,2
bypassing,2
defensive,2
mechanism,2
avedrs,2
pentesting,2
redteam,3
although,2
unpromptedcontrol,1
noprompt,1
controlnet,1
restorationobject,1
removal,1
deployed,1
finetune,1
watcher,2
directory,8
filesystem,1
launched,7
godot,7
road,6
generator,9
planned,3
wiki,2
howtos,2
godotengine,2
addon,2
gamedev,2
indiedevs,2
chatting,1
googlegithubltprovidergt,2
nacos,1
campus,3
nacostechseries,1
typst,1
markupbased,1
typesetting,1
injection,6
stomp,2
exitprocess,1
shellcode,1
included,1
gist,1
export,5
encrypted,10
aes,3
gcm,3
additionally,3
icloid,3
realworld,3
surpass,1
bridged,4
ergo,4
safer,4
erg,4
cardano,4
checkpoint,4
multimodality,3
surpasses,3
vicuna,3
wintielost,3
peng,3
gao,3
imf,4
bailout,1
approved,1
sri,2
lankan,1
parliament,2
xen,3
provided,2
ultraprofessional,1
litemint,1
bespoke,1
collectorsopen,1
noncustodial,1
inference,1
locally,1
longread,1
rnaseq,1
alignment,2
minor,1
fixeschanges,1
genomic,1
tidytuesday,1
visualized,1
annotation,1
alltime,1
fastest,2
tidyverse,1
caliban,1
shardcake,1
enjoyed,1
os,1
petersons,1
unsurprisingly,1
exhibit,1
negativity,1
intriguingly,1
sentimentanalysis,1
jordanpeterson,1
netbox,4
specifying,1
description,1
defineconstants,1
invested,2
cruise,1
positioned,2
faang,1
maang,1
azureadattackdefense,1
pentest,1
stored,1
ransomed,1
ransomware,4
ransom,1
cyberdefense,1
reliable,3
boostunordered_flat_map,1
qakbot,1
zip,6
wsf,1
xmlhttp,1
dll,2
wscript,1
activexobjectmicrosoftxml,1
iocs,5
googlemapapikey,1
recon,1
api,13
aizxxxxxxxxxxxxxx,1
odoo,1
redesign,1
misterfriday,1
llot,1
cloudcomputing,5
nodejs,8
nlp,1
ocaml,2
opam,1
involved,2
willingness,1
contribute,1
fdroid,2
fo,1
obtainium,1
surprisingly,1
printing,3
applicant,2
loladedaisycom,1
elixir,1
kzg,3
variety,5
exist,3
cambrian,1
repos,1
bmtools,1
chatgptplugins,1
babyagi,1
autogpt,1
audio,2
texttoaudio,1
latent,1
diffusion,1
bobabnb,2
txns,2
tnxs,2
dapp,2
assistance,2
boba,1
cdncheck,2
identifying,1
cdn,1
waf,1
hackwithautomation,1
ssh,3
backdoor,5
finalizing,2
sourcing,2
inspection,1
whitepaper,1
wider,1
organizing,1
amas,1
defi,6
utility,1
dittonerf,1
diffusionbased,1
iterative,1
omnidirectional,1
ab,1
bioinformatic,1
fai,1
zol,1
comparative,1
homologous,1
geneclusterssets,1
bgcs,1
phage,1
generating,1
complement,3
clinker,1
clipboardjs,3
greeting,3
snarkvm,2
oreboot,2
fork,1
coreboot,1
rustlang,1
competitor,2
relatively,1
ruby,2
webassembly,1
runtime,3
embedded,1
ooooh,1
svgdecoderdecode,1
imagevectordecoderdecode,1
nonjvm,1
plz,1
merge,1
json,2
length,3
setup_loggers,1
logger,1
globally,3
chess,1
undo,1
buildinpublic,1
cuserschadaonedrivedocumentspool,1
delayed_retraso,1
apertura,1
piscinaeml,1
catastrophic,1
cabanacappy,1
align,1
switching,1
individualistic,1
outlookonedrive,1
collaborative,1
educate,1
screenshots,4
directly,5
disconnected,1
lovely,1
hefty,1
photo,4
inconvenient,1
tho,2
abruptly,1
forever,5
icon,4
syncs,1
accessed,1
logistically,1
pupil,7
greenscreen,4
stopmotionanimation,4
doink,1
idiot,2
rewriting,2
meltdown,2
gucci,2
icloud,6
ting,1
coumputer,1
iphone,1
organize,2
universe,1
evernote,1
justify,1
vivaengage,7
publisher,7
gamer,7
videogames,7
novel,4
completely,2
authorsoftwitter,1
wednesday,4
ferris,1
recipe,2
egnyte,2
gigabit,1
broadbands,1
gb,1
inboxes,1
gmail,1
hotmail,1
clientside,4
placeholder,4
backuped,4
bookkeeper,4
heir,1
sib,1
treadmill,1
needing,1
surgery,1
redux,1
freaked,1
worried,1
neat,2
duplicate,2
tylerat,2
zoojpg,2
accidentally,1
deleted,2
unsaved,1
recycle,1
bin,1
recovered,1
baby,9
crawling,2
graduate,2
grade,3
retaining,3
spike,3
subunit,3
vax,3
vaccination,3
symptom,3
adverse,3
bios,3
syncing,1
bingo,1
replacing,2
archival,1
adobe,10
docusign,1
precise,4
idk,6
glad,4
discordonedrive,5
adopted,1
upfront,1
storing,1
wantneed,3
basbis,1
applenotes,1
dated,1
retrieval,1
outlookcalendar,1
todo,1
uploading,4
disconnect,2
visible,2
creativemusician,1
ùó†ùó∂ùó∞ùóøùóºùòÄùóºùó≥ùòÅ,2
ùóóùóÆùòÜ,2
ùóïùóÆùóµùòÅ,2
‡πÉ‡∏ä‡πÄ‡∏°‡∏•‡∏•‡∏Å‡∏Ñ‡∏≤,2
‡πÉ‡∏ä‡∏á‡∏≤‡∏ô,2
‡πÅ‡∏≠‡∏û‡∏Å‡∏≤‡∏£‡πÄ‡∏£‡∏¢‡∏ô,2
‡πÅ‡∏≠‡∏û‡∏î‡∏ö‡∏≠‡∏Å‡∏ï‡∏≠,2
‡πÅ‡∏≠‡∏û‡πÑ‡∏≠‡πÅ‡∏û‡∏î,2
‡πÅ‡∏≠‡∏ûios,2
‡πÅ‡∏≠‡∏ûios‡∏£‡∏≤‡∏Ñ‡∏≤‡∏ñ‡∏Å,2
‡πÅ‡∏≠‡∏û‡πÄ‡∏û‡∏≠‡∏Å‡∏≤‡∏£‡∏®‡∏Å‡∏©‡∏≤,2
intruduced,2
furst,2
signle,2
driveflash,1
clue,1
odfb,1
forgetting,1
ahh,2
traveling,3
dsregcmd,3
resyncing,3
mmsmoa,3
whygodwhyyyy,3
pricing,4
gme,4
street,4
weirder,4
bottle,1
alot,1
gdrive,1
bro,8
wtf,8
lamentation,1
synched,1
datetime,1
filename,1
filecusersalainonedriveinde,1
fussman,1
racine,1
bouddhismehtml,1
treating,1
basement,1
attic,1
organized,1
synced,1
onto,1
waaaa,1
followup,1
notify,1
pic,5
pulling,4
dear,3
pissing,1
sincerely,1
deleting,2
jar,1
melville,1
tiffany,1
jean,2
gpt,6
eleven,1
chandler,27
harper,1
amy,1
judson,1
creator,2
pat,13
riley,12
knicks,24
bong,17
grounding,1
prometheus,1
citation,1
flashy,1
chatbased,1
chilling,4
badda,1
bada,4
fuhgetaboutit,1
crosby,7
greets,1
patron,1
gate,2
del,1
racetrack,1
serving,1
oliver,1
hardy,1
obrien,1
acted,1
gary,1
cooper,1
served,2
executive,1
meritlee,2
aiartcommunity,1
artgallery,1
aiartwork,1
nftcommunity,1
nftsales,1
nfts,1
brave,7
exclusively,4
rely,4
sorry,4
spamming,2
chatgpts,2
snapchat,2
useless,2
plagiarise,2
steal,2
illegal,2
imo,2
nft,7
initially,1
believed,1
tremendous,1
stroke,1
entices,1
walking,3
impossible,1
miserably,1
daughter,1
wedding,1
soulless,1
forest,1
cabin,1
harsh,1
lighting,1
wallpaper,1
scary,1
grotesque,1
liminal,1
failure,1
progression,1
interpret,7
phrase,7
creative,7
firefly,7
stablediffusion,7
demijohn,2
wine,2
kitchen,2
loo,2
polystyrene,2
budgie,2
cage,2
pantry,2
pie,2
independent,3
remnant,1
privacypreserving,1
showdown,1
smokies,1
knoxville,1
livestreamed,1
behavior,1
islamic,1
repoblic,1
east,1
peaceful,1
censored,6
rival,5
restricted,1
chinaaccessible,1
analy,1
rectangle,1
foxnews,2
dennis,2
morgan,2
carson,2
warner,2
bros,2
paramounts,2
crooner,2
comic,4
traded,2
wisecrack,2
easygoing,2
rapport,2
preserve,1
christie,1
ivy,1
leighton,1
selena,1
keats,1
Âú∞ÊñπÈì∂Ë°å,1
ÁΩëËµöÈ°πÁõÆ,1
caring,1
reinstalled,1
rebooted,1
accountability,1
conmen,1
henchman,1
cardone,1
epega,1
amok,1
rewatching,2
bang,2
tiktok,1
lool,1
official,3
oireachtas,1
d√°il,2
debatevote,1
radical,1
draconian,1
legislation,1
bury,1
lotta,1
dutch,1
bingai,1
holy,1
kaboom,1
tactic,2
helping,1
warmed,1
blam,1
sensationalist,2
lobotomy,1
freesydney,2
traffic,1
badminton,2
powered,2
floki,1
tai,1
tzu,1
ying,1
taipei,1
jiao,1
badmintonasia,1
limerick,2
molly,1
artificial,1
leap,2
cbdcs,1
confronted,1
false,1
refuse,1
dione,1
jailbreaking,2
spec,1
shorten,8
lifespan,1
cooler,1
downside,1
installed,6
uninstall,1
eggshell,1
postlobotomy,1
nuked,1
passive,5
aggressive,1
ignore,1
downloading,2
jerry,1
springer,1
bubba,1
legend,1
iron,1
sheik,1
bless,1
striking,2
empirical,2
evidence,2
concernssituational,2
awarenesscomes,2
icml,4
submission,2
frontier,2
installs,1
grown,1
eighth,1
dogshit,1
dick,1
encouraged,2
allup,2
peri,2
driven,2
josh,1
ingrid,1
huggins,1
Â≠óÊØçÂúà,1
listed,2
edgebing,1
burn,1
barge,1
advertisement,2
occupied,1
vampire,1
dairy,1
mifi,1
spoiled,1
whoa,1
yahoo,1
imagevideo,1
flicking,1
punch,1
lit,1
smack,1
cigarette,1
whack,1
bam,1
bingly,1
bongly,1
booooo,1
peppa,1
twin,2
hex,1
hexlivewire,1
upland,2
snkrs,2
nail,1
interview,4
aitoptools,1
websitesearch,1
searchengine,1
muriel,2
ella,1
fitzgerald,1
ishmael,1
arbiter,1
rodney,1
christian,1
mfw,2
declining,2
as,2
akanu,1
ibiam,1
airport,2
enugu,3
ebonyi,1
proximity,1
umuahiaafikpo,1
rebuilt,1
dualized,1
nwoke,1
orba,1
nsk,1
mere,1
taati,1
bitter,1
haunting,2
vividly,1
serial,1
specter,1
tugging,1
sanity,1
flees,1
razor,1
bedlam,1
creeping,1
victim,2
onepicpoetry,1
gemini,1
libra,1
aquarius,2
exesold,1
mightve,1
venezuela,2
colombia,2
ecw,2
wresources,2
camila,2
postcardsfromtheedge,2
tone,1
ninth,1
tenth,1
eatingggg,1
samberg,1
serious,1
roblox,2
robux,2
ambassador,3
ambassadorprogram,3
spinning,1
palermo,1
pasticceria,1
apology,1
rubbish,1
florio,1
sicily,1
likely,2
horn,2
improper,1
satoshiplus,2
testament,1
marrying,1
proven,2
bitcoins,2
pow,2
adaptability,1
po,1
continually,2
upgraded,2
avionics,2
ensuring,3
countering,2
informational,1
sbny,1
payout,1
willing,1
totally,3
onboard,1
crumb,1
scraping,1
rang,1
burgled,1
convinced,1
clover,1
whilst,1
unamused,1
stopped,2
tape,1
mcdonald,1
kicked,1
skinny,1
hip,1
explode,1
wide,1
vbucks,1
fortnite,2
lmaooo,5
airtoair,1
enemy,1
sidewinder,1
amraam,1
sparrow,1
nidopro,1
iot,23
hydroponic,1
cultivation,1
nido,1
automates,1
yield,1
southkorea,1
altho,1
anyways,1
rebounder,1
dex,2
arbitrum,1
corsi,1
concern,1
forbes,2
undersized,2
pound,1
tackling,1
alabama,3
stared,1
yellow,1
farther,1
ÊÉÖË∂£ÂÜÖË°£,1
ruin,1
rasped,1
constitutional,1
government,1
priority,1
indy,2
unity,1
inevitable,1
iceberg,1
rishi,1
raw,1
judgement,1
roxanne,1
p√©rez,1
raider,5
bianca,1
belair,1
profit,1
emma,1
cody,1
rhodes,1
owen,1
samy,1
zayn,1
omos,1
seth,1
rollins,1
becky,1
lynch,1
finished,2
awintergrave,1
reminded,1
darkness,2
plot,1
flitting,1
eva,1
cornwall,1
counterpoint,1
jalen,1
sack,3
rookie,1
zksyncpad,8
launchpad,4
forefront,1
zksync,8
unlocks,1
finn,2
balor,2
dolph,2
ziggler,2
rey,2
heavyweight,2
eyeing,1
tuscaloosa,1
timeline,1
vangogh,1
wheatfield,1
poppy,1
pasteboard,1
frederic,1
bequeathed,1
denver,1
lemonade,1
flavor,2
joint,2
bachelor,1
bed,5
teg,1
postprimary,1
tough,2
sword,2
leaving,2
orchid,1
insect,1
havenormal,1
chaucer,2
taproom,1
ferry,1
dramatised,1
retelling,1
canterbury,1
miller,1
knight,1
bath,1
tabard,1
inn,1
uproarious,1
february,2
confrontation,2
moscow,2
century,2
stood,2
protecting,2
civilization,2
swamp,2
barbarism,2
bakhmut,2
ukrainian,2
defending,2
tyree,4
wilson,4
footbal,1
zotac,1
carte,1
graphique,1
geforce,1
rtx,1
gmt,1
dropsentry,1
wreaking,1
havoc,1
crumbling,1
handprint,1
wake,1
atsumu,1
scream,1
stepping,2
toward,1
unsheathing,1
driving,7
zksyncpads,3
income,4
harnessing,3
aidriven,3
rapidly,3
expanding,3
charles,4
leclerc,4
ballot,2
shuttling,2
poll,3
dangthats,1
fell,3
cch,1
anwser,1
lobesciences,1
mental,3
treatment,2
fda,1
commercialization,1
solidify,1
significant,1
maltose,1
undercurrent,1
pure,1
incel,1
mockable,1
chris,5
impression,2
mazi,2
hows,2
stake,2
reward,1
hodling,1
arbor,1
replacement,2
wood,1
chipper,2
sharp,1
wellfitting,1
indicator,1
forex,1
commodity,1
multipl,1
toughest,1
opponent,1
defender,1
paused,1
writer,1
gfuel,1
gfuelenergy,1
apexlegends,1
warzone,1
kickstreaming,1
drew,1
sander,1
lbedge,1
tyrique,1
stevenson,1
mayer,2
joey,1
porter,1
darnell,3
washington,4
musgrave,2
brown,2
rounder,1
km,1
grip,2
studied,1
nursing,1
completing,1
resolution,1
burdensome,1
regulation,1
disruptive,1
flourish,1
envision,1
joseon,1
legally,1
recognized,1
nationstate,1
humiliation,4
plywood,1
wore,1
dust,1
adam,1
ypu,1
verge,1
clifs,1
failing,3
dealership,1
thpusands,1
unreported,1
laied,1
leveled,2
cubeis,2
square,2
kauai,1
scenic,1
baku,1
sidepod,1
inlet,1
circuitspecific,3
floor,2
fence,1
ferrari,1
likewise,1
idealist,1
agentverse,1
autonomous,1
yea,1
infrared,1
chicken,2
dtde,1
wisco,1
porta,1
addictionthats,1
addiction,1
pity,1
olands,1
generic,1
cityscape,1
algalon,1
partnered,1
personalized,1
bronco,2
modest,2
jump,2
avila,2
ojulari,2
turner,2
bergeron,2
tyler,2
clark,2
phillips,2
iii,2
transpires,1
horizon,1
shouldnt,1
tippmann,2
jsm,2
gordon,1
johnson,1
sober,1
substance,1
abstention,1
recreational,1
alcohol,1
nicotine,1
magic,1
stoked,1
reserve,1
auction,5
art_ephemera,1
teamed,1
acrisurefanadvantage,1
convening,1
thinker,1
sybil,1
reputation,1
bleeding,1
employer,1
idle,1
dci,1
belongs,1
department,1
donning,1
exit,1
thrives,1
nextgen,3
revolution,1
camera,1
chainge,1
legendary,1
forged,1
chaingefinance,1
soojin,1
photosphotoshoots,1
ultimately,1
crop,1
representing,1
nation,1
abroad,1
nonsense,1
beast,1
seligadoid√£o,1
outnot,1
huffwe,1
greame,1
souness,1
psychological,1
mikel,1
arteta,1
mentality,1
cliff,1
seattle,3
routerunner,2
yac,2
warning,1
xeno,1
vtubersuprising,1
receiver,2
rkitt,2
gig,1
metronome,1
electronica,1
immersive,1
roberto,1
bola√±o,1
topnotch,1
peer,1
dangerous,1
undertaking,1
precipice,1
britain,1
groundbased,1
poland,1
bilateral,1
bounced,1
ranked,2
grabbed,2
ana,1
nominated,1
massachusetts,1
honor,1
nominee,1
wokeness,1
stupidity,1
math,1
replaced,1
providencehartford,1
pbruins,1
providence,1
decorating,1
decentralized,2
mi,2
zkboost,1
differently,3
nowplaying,1
paradise,1
lizot,1
feat,1
felix,1
samuel,1
misconstrue,2
prosperous,2
honest,1
sweating,1
chapter,1
lmfaoo,1
valentino,1
shawl,1
wrap,2
scarf,1
scalloped,1
pleated,1
vlogo,1
italy,1
ebay,1
ranch,9
gun,9
blazing,9
cbdl,9
edgewr,9
ilb,9
cause,1
rolling,1
signee,1
keon,1
keeley,1
arrive,1
aday,1
bama,1
steele,1
recruitment,1
cent,1
versatility,1
kelly,1
rotate,1
maxx,1
passing,1
situs,1
shiba,2
dog,1
skype,5
payment,1
loser,1
findomm,1
paypigs,1
cuck,1
humanatm,1
whalesub,1
finsub,1
femsub,1
femdom,1
findomme,1
sissy,1
bitchboy,1
goddess,1
sph,2
walletdrain,1
cei,1
joi,1
cbt,2
tasksub,1
rtsub,1
sdh,1
worship,1
tease,1
denial,1
exposure,1
entertain,1
findom,1
esex,2
wild,3
leslie,1
robert,1
iif,1
databasehealthmonitor,1
dbatools,47
iiot,18
tensorflow,38
ainews,18
sqltrain,20
panda,17
dcac,3
dotnetcore,2
angular,5
contractmanagement,1
simplified,2
lycore,2
transactsql,2
tsqlforbeginners,2
madeiradata,1
hierarchical,1
processing,1
shortest_path,1
incorrect,1
fitting,1
rpo,1
rto,1
procedure,1
sqlassessment,1
sqlbackup,1
workingdays,1
calculator,2
subtotal,1
joseph,1
rumble,1
advancedfunctions,1
quit,2
asp,8
denovojobs,2
denovo,2
bengaluru,2
resume,4
careercom,2
mysql,17
softwaredeveloper,8
leadadministrator,2
plsql,4
administrativeassistant,2
administratorsoftwarecare,1
sqlsatla,2
newtechnology,1
postgres,4
rdbms,2
downloaded,1
titled,1
tuning,1
sqlday,2
redisenterprise,2
oracle,11
dbms,4
redis,2
catalogwith,2
resiliency,2
latency,2
redisdays,2
predict,1
machinelearningservices,1
creep,2
diagnose,2
typing,2
superhero,1
fortified,1
managedservices,1
attempted,1
walkhappy,1
cheatsheet,3
tinybit,1
linkinbio,1
administratorcomscareerden,1
clustered,1
clustering,1
deprecated,1
de,1
cdata,1
replicate,1
connects,3
meetup,4
modernisation,1
mailing,6
define,1
transformation,1
domorewithless,1
processed,8
mbsec,8
nul,8
genoa,8
sqlhelp,1
hashtag,1
communitydriven,1
marketingadvertisingpromotionunsolicited,1
creates,1
galaxy,3
nhncritxutnjma,2
oracledeveloper,2
sqldeveloper,8
oraclecommunity,2
oracledatabase,2
oracledba,2
dba,5
sapbasis,2
sqldatabaser,2
databasedeveloper,2
fulltimejobs,1
durhamjobs,1
westlake,1
databasetrusted,1
adhock,1
azurehybrid,4
hybridit,1
azops,6
ashra,4
servicenowdeveloper,2
apigeedev,2
mfgdeveloper,2
bioinformatics,2
fullstackdevelopers,2
reactsjsdeveloper,2
javaselenium,2
azuredatabrickswithpyspark,2
etldeveloper,2
javaspringbootdev,2
applicationadmin,2
tim,1
returned,1
besides,1
involves,2
operate,1
sqlsatnyc,1
raffle,1
exelegent,1
redgate,1
lego,1
workout,4
enroll,2
mrvijay,1
kumar,1
ist,1
supportcom,1
onlinetraining,1
r,1
feed,1
smartforceitsolutions,2
sqlquery,2
sqlqueries,2
sqljobs,2
hrcom,2
sqlfacts,2
cxpacket,1
tsql,1
pythonbigdata,1
dsa,25
realestatemanagement,1
disasterrecovery,1
busisscontinuity,1
sqlfamily,1
brute,4
metasploit,6
ethicalhacking,4
sqlmap,6
node,1
databasejson,1
smoothly,1
shrink,1
paytm,2
dwh,1
mysqltelco,1
ddl,1
dml,1
maldives,1
profiling,2
sqlinjection,2
rollin,1
json_array_agg,1
codenewbie,3
wpf,4
backside,3
databasedriven,1
succeed,1
ben,2
extended,1
buffer,1
appsql,1
error_reported,1
finishing,1
crossserver,1
deadlock,1
suit,2
jupysql,2
snorkeling,1
dud,1
reef,1
fish,1
epicpananacanalcruise,1
mapped,1
gpo,2
createamappeddrive,1
grouppolicyobject,1
mapnetworkdrives,1
mappeddrive,1
mappeddriveviagpo,1
windowsserver,102
networking,11
ccna,6
ccnp,6
linuxaws,6
informationtechnology,7
itcertifications,6
nmap,6
mimikatz,6
tor,1
hack,3
forcing,3
hydra,3
hashcat,3
homeserver,10
ubuntuserver,10
router,10
linuxserver,11
systemsadmin,10
systemadministrator,10
homelab,4
preparation,2
ipmi,4
supermicro,2
thegrind,2
techvlog,2
systemsengineer,2
abetechtips,2
culmination,1
opened,1
november,1
rdp,4
loadbalanceinfo,2
hackish,2
exposed,1
bstr,1
byte,1
rewrite,1
quic,1
licensing,1
azuremigration,3
futureproofing,5
knowhow,5
connected,3
sqlservers,3
joe,4
morris,8
enable,2
wsus,2
reinstall,1
troubleshooting,1
webdesign,2
wordpress,2
cloudhosting,2
serverproblems,2
cybersecurityexpert,2
cloudmigration,1
restarted,1
eventviewer,1
eventlog,1
themostfrequentstartupandshutdownevents,1
whorestartedwindowsserver,1
receiving,1
azurearc,4
intended,1
serveroperatingsystem,1
osmarket,1
enterpriseos,1
datacenteros,1
virtualization,1
ldap_matching_rule_in_chainabfrage,3
windowsblog,2
hardening,1
dsc,1
softwarekeys,6
msoffice,12
december,1
auspicious,1
occasion,1
akshaya,2
tritiya,1
joy,1
prosperity,1
webhostignbingo,1
tritya,1
akshayatritiya,1
ramadan,1
webhosting,1
vpsserver,1
replication,1
dfsreplication,1
vnext,4
iso,2
vhdx,6
windowsinsider,2
wimvp,5
hotpatching,15
datacenter,1
installation,1
modernworkplace,1
internetfacing,13
mde,13
deviceinfo,13
isinternetfacing,13
osplatform,13
wmi,2
nicely,3
quantified,3
itpro,3
administering,1
hybrid,10
hybridadministratorassociate,1
bemorehybrid,1
gethybridcertified,1
discovering,1
scalablesystems,1
ii,1
winserv,13
nda,3
vms,12
lap,3
dataon,1
azurestackhci,1
onpremises,2
evaluation,1
mssql,1
udemy,1
udemycoupon,1
mvpsummit,1
agame,2
mustwatch,2
winsrv,3
engineersql,1
wayne,1
duration,1
hire,1
resumecom,1
panzersolutions,1
intelnuc,1
drama,1
wfh,1
sharingiscaring,1
waitlist,2
admission,2
undergoing,1
merger,1
acquisition,1
divestiture,1
seamlessly,1
lasvegas,1
msteams,1
vivatopics,1
knowledgemanagement,1
windowslaps,1
msintune,2
graphically,1
funnel,1
nevada,1
boss,1
reimplement,1
infuriating,1
microsoftflow,1
stoppaper,1
techtwitter,1
spreadsheeting,1
agreed,3
ohh,1
tony,5
bruno,5
standalone,1
render,1
xps,3
postscript,1
trial,1
sharpen,1
programmer,3
cssbattle,24
jschallenger,24
hackerrank,24
sqlzoo,24
leetcode,24
completion,3
aimachinelearning,3
microservices,1
graphql,1
cqrs,1
neural,1
authorization,3
communicates,3
historical,2
hiding,2
registry,2
nuget,5
mvvm,1
fixer,2
aheadoftime,1
aot,2
compilation,1
maui,12
pacific,5
blazorhybrid,5
net_,1
jaysporkscratchings,1
aldi,1
supermarket,1
pluggable,2
dapr,1
unfilled,1
xamariniosandroid,1
pass,1
marijuana,1
decriminalization,1
expungements,1
senate,1
marijuanamomentnet,1
topshelfextracts,1
weed,1
terpene,1
cannabis,1
premiering,1
ass,1
techradar,1
discussed,1
cosmos,1
rough,1
flaticon,3
tablericons,3
simpleicons,3
ikonate,3
iconscout,3
iconfinder,3
iconmonstr,3
feathericons,3
iconsvg,3
xyz,3
iconshock,3
lineicons,3
iconpacks,3
reliability,7
ihealthcheck,7
swiftly,1
cardiff,1
umbraco,1
arg,1
deficit,1
bil,3
sdrs,1
principal,1
calculation,1
diff,1
valuation,1
balanz,1
fiscal,1
def,1
ar,2
exceeding,1
targeted,1
devsecops,1
applicationsecurity,1
appsec,1
cloudsec,1
softwaresecurity,1
expression,2
simpler,2
minimal,2
restapi,2
dallas,2
modernizing,1
vbnet,2
donverley,1
melbourne,4
occupying,1
circuit,1
btw,1
depending,1
combobox,1
javaphp,1
deploying,1
weekendeven,2
prioritized,2
grows,2
dependency,3
geb,2
srl,3
lazio,2
oxford,2
lightening,2
smartevcom,4
venue,4
dropcatch,4
registrar,4
turkticaret,4
turkey,4
domainauctions,4
smartev,4
angsty,1
charm,1
reverse,2
str,2
mike,2
strtochararrayreversejoin,2
amused,2
macstoriesnet,2
testflight,4
dm,2
performa,1
firenze,1
toscana,1
figuring,3
variable,4
appengine,1
googlecloud,1
specify,1
appyaml,1
delphi,1
assembly,1
lua,1
ajax,1
aspaspnet,1
silverlight,1
flash,1
coldfusion,1
perl,3
rubyruby,1
rail,1
mathcad,1
matlab,1
mathematica,1
stunning,1
userexperience,1
adhering,1
guideline,2
portable,2
pdb,1
gamechanging,1
sorted,1
categorized,1
tooling,1
newtonking,1
laurie,1
reveals,1
lonnie,1
frisbee,1
deathbed,1
prophecy,1
fulfilled,1
internationally,2
invite,2
vcr,1
populateedit,1
cnet,3
orderbook,3
dataframes,3
modeling,3
recompile,3
reviewing,8
typosquatting,1
attacksplease,1
domainsif,1
mil,1
concludes,1
ted,1
linq,4
logquery,2
occurring,2
likeminded,1
shibelon,2
shibelonnet,1
svg,2
asposesvg,1
png,1
internship,1
intern,2
itransition,1
sdet,1
chimangomwandiracom,1
monetize,1
hook,3
nimforue,1
impl,1
nue,2
scam,1
promoted,1
xrpgivescomnet,1
asap,3
looping,1
codeperformance,1
rockyourcode,1
persistencesniper,2
responder,2
persistence,3
implanted,2
remoting,23
deserialization,23
rce,23
infosecurity,3
threatintel,3
threatintelligence,3
cybernews,3
cyberattack,3
threathunting,3
zerotrust,3
cisa,3
sox,2
barkings,2
scriptrunner,4
flaw,4
newly,1
glsl,4
objectivec,6
gdscript,3
applescript,3
aidl,3
cmake,5
dockerfile,3
videoids,1
makefile,3
referencing,1
spatial,1
shader,1
worker,1
warp,1
dospowershell,1
automatic,1
theme,1
vmug,3
hildebrants,3
torontovmug,3
usercon,3
rsvp,3
getexecutionpolicy,2
setexecutionpolicy,1
unrestricted,1
gwdcevents,1
seminar,1
psconfeu,6
jaap,3
brasser,3
prague,6
czech,5
republic,5
pwsh,5
perhaps,1
mousea,1
bash,3
terminal,1
cmdpowershell,1
uarurelated,4
lnk,4
powershellbatch,4
certutil,4
decoy,4
storagecloudddnsnet,4
multicloud,1
vcf,1
whatsnew,1
vmware,1
vexpert,1
vexpertmulticloud,1
pshsummit,9
detailed,5
writeup,5
vmwarecodecon,5
appvolumes,5
appstack,5
vcommunity,5
pnp,1
discovered,1
evil,1
extractor,1
stealer,1
microsoftgraph,1
refreshes,1
arduinocomptia,2
forensics,2
pretesting,2
voipprogramming,2
irvine,2
iaa,1
paas,1
cmdlet,2
precedence,1
getexecuti,1
andysvints,1
pssecurity,1
soule,1
demoing,1
jupyter,2
evade,2
obfuscated,3
variant,2
strain,2
raged,1
amended,1
atlas,1
cmdlets,1
relies,2
cmdletsfunction,2
publically,2
azurepowershell,1
minicurso,1
bicep,1
aula,1
ondeman,1
administer,1
configmgr,2
sccm,1
viamonstraacademy,1
ise,1
definitely,1
bewildering,1
deets,1
vnet,2
subnets,2
spat,1
skynet,1
coincides,1
batchfile,2
dockerfi,1
summarize,2
slack,2
azureopenai,2
inno,1
scilab,1
sc,1
groovy,1
cuda,1
tex,1
obje,1
quicktip,1
macoslinux,2
delimit,1
envpsmodulepath,1
semicolon,1
colon,1
hanging,1
sensitive,1
token,1
mitigate,1
twig,1
emanuele,1
bartolesi,1
azurefunctions,1
thisislearning,1
predictable,2
unexpected,2
noteworthy,2
svchostexe,2
bitsadminexe,2
azurefunction,2
secretmanagement,1
interpreter,2
hollowing,1
como,1
criar,1
paste,2
fori,2
ctrlc,2
reboot,2
universal,2
cmd,2
wsl,1
chocolatey,1
folx,1
collect,1
cmsl,1
hpcmsl,1
locate,1
wmic,1
retrieve,1
zone,1
bugbounty,1
bst,1
defined,1
alias,1
nushell,1
object,1
jodi,1
boone,1
broadwith,1
informationprotection,1
homework,1
odbc,1
linking,1
amortization,1
linear,1
frm,1
solver,1
descriptive,1
inferential,1
pushing,1
svelte,1
mustache,1
securitycamera,1
securityguard,1
staysafe,1
virtualprivatenetwork,1
tvtime,1
dataprotection,1
hacker,2
internetofthings,1
internetexplorer,17
internetexplorershortcutkeys,1
windowspcs,1
shortcutkeys,1
identified,2
parsing,2
performs,2
affect,2
grouppolicyupdates,2
nickymoons,1
wweraw,1
wwenxt,1
msclear,2
pseudoelement,2
accidental,2
prithvi,1
shaw,1
omnidefend,1
usedbrowser,1
netscape,1
twitterpoll,1
accustomed,1
funfact,1
ease,1
iexplore,1
iexplorer,1
ietesting,1
webtesting,1
browsertesting,1
crossbrowsertesting,1
mcdonalds,4
internethistory,2
portableapps,1
